"SourceContinent","ExporterContinent","ConsumerContinent","Nutrient","Unit","Value","rec_intake_adults","rni_amount"
"Africa","Africa","PICs","Protein","g",6377942797.3939,50,127558855.947878
"Africa","Africa","PICs","Fattyacids","g",560257724.032343,1.4,400184088.59453
"Africa","Africa","PICs","Calcium","mg",23770777146.5089,1300,18285213.1896222
"Africa","Africa","PICs","Zinc","mg",390594928.507163,11,35508629.8642875
"Africa","Africa","PICs","Iron","mg",645925151.453918,18,35884730.6363288
"Africa","Africa","PICs","Vitamina","mcg",13929668442.2392,900,15477409.3802658
"Africa","Africa","PICs","Vitaminb12","mcg",4539023555.9434,2.4,1891259814.97642
"Africa","Americas","PICs","Protein","g",62971826.9760913,50,1259436.53952183
"Africa","Americas","PICs","Fattyacids","g",5447728.01890468,1.4,3891234.29921763
"Africa","Americas","PICs","Calcium","mg",203390950.870032,1300,156454.577592332
"Africa","Americas","PICs","Zinc","mg",3376291.77324024,11,306935.615749112
"Africa","Americas","PICs","Iron","mg",5511527.42145757,18,306195.967858754
"Africa","Americas","PICs","Vitamina","mcg",101077651.25901,900,112308.5013989
"Africa","Americas","PICs","Vitaminb12","mcg",35841769.7158731,2.4,14934070.7149471
"Africa","Asia","PICs","Protein","g",1079465529.43729,50,21589310.5887457
"Africa","Asia","PICs","Fattyacids","g",80577779.4682872,1.4,57555556.7630623
"Africa","Asia","PICs","Calcium","mg",3413332623.3669,1300,2625640.479513
"Africa","Asia","PICs","Zinc","mg",60235152.0104963,11,5475922.91004512
"Africa","Asia","PICs","Iron","mg",89896350.1429364,18,4994241.67460758
"Africa","Asia","PICs","Vitamina","mcg",1502075616.1322,900,1668972.90681355
"Africa","Asia","PICs","Vitaminb12","mcg",561669125.137149,2.4,234028802.140479
"Africa","Europe","PICs","Protein","g",30548504.9425547,50,610970.098851094
"Africa","Europe","PICs","Fattyacids","g",955798.305676605,1.4,682713.075483289
"Africa","Europe","PICs","Calcium","mg",24065406.0840675,1300,18511.850833898
"Africa","Europe","PICs","Zinc","mg",1141677.00184373,11,103788.81834943
"Africa","Europe","PICs","Iron","mg",2225900.70062972,18,123661.150034984
"Africa","Europe","PICs","Vitamina","mcg",24605004.7114052,900,27338.8941237835
"Africa","Europe","PICs","Vitaminb12","mcg",9847863.73434561,2.4,4103276.55597734
"Africa","Oceania","Africa","Protein","g",27701841.4567742,50,554036.829135485
"Africa","Oceania","Africa","Fattyacids","g",2538415.98731255,1.4,1813154.27665182
"Africa","Oceania","Africa","Calcium","mg",117712735.330385,1300,90548.2579464497
"Africa","Oceania","Africa","Zinc","mg",1832692.32814547,11,166608.39346777
"Africa","Oceania","Africa","Iron","mg",2831928.50046085,18,157329.361136714
"Africa","Oceania","Africa","Vitamina","mcg",55870515.6291606,900,62078.3506990673
"Africa","Oceania","Africa","Vitaminb12","mcg",19626724.0607128,2.4,8177801.69196368
"Africa","Oceania","Americas","Protein","g",455175109.841489,50,9103502.19682977
"Africa","Oceania","Americas","Fattyacids","g",34907639.0359375,1.4,24934027.8828125
"Africa","Oceania","Americas","Calcium","mg",1395332044.41007,1300,1073332.3418539
"Africa","Oceania","Americas","Zinc","mg",24464839.8102681,11,2224076.34638801
"Africa","Oceania","Americas","Iron","mg",41895151.6786892,18,2327508.42659384
"Africa","Oceania","Americas","Vitamina","mcg",901792062.183602,900,1001991.180204
"Africa","Oceania","Americas","Vitaminb12","mcg",282269526.588673,2.4,117612302.745281
"Africa","Oceania","Asia","Protein","g",2158242308.80877,50,43164846.1761754
"Africa","Oceania","Asia","Fattyacids","g",183841918.581652,1.4,131315656.129752
"Africa","Oceania","Asia","Calcium","mg",7696980889.08054,1300,5920754.53006195
"Africa","Oceania","Asia","Zinc","mg",129189599.03372,11,11744509.0030654
"Africa","Oceania","Asia","Iron","mg",215123082.577403,18,11951282.3654113
"Africa","Oceania","Asia","Vitamina","mcg",4785613835.67684,900,5317348.7063076
"Africa","Oceania","Asia","Vitaminb12","mcg",1521853506.50509,2.4,634105627.710454
"Africa","Oceania","Europe","Protein","g",172384244.868124,50,3447684.89736248
"Africa","Oceania","Europe","Fattyacids","g",11741810.7626095,1.4,8387007.68757824
"Africa","Oceania","Europe","Calcium","mg",437646619.309488,1300,336651.245622683
"Africa","Oceania","Europe","Zinc","mg",9007645.20664416,11,818876.836967651
"Africa","Oceania","Europe","Iron","mg",16235362.0658487,18,901964.559213815
"Africa","Oceania","Europe","Vitamina","mcg",278970690.906082,900,309967.434340091
"Africa","Oceania","Europe","Vitaminb12","mcg",103307473.460235,2.4,43044780.6084313
"Africa","Oceania","Oceania","Protein","g",17566850.1657752,50,351337.003315505
"Africa","Oceania","Oceania","Fattyacids","g",980131.725123205,1.4,700094.089373718
"Africa","Oceania","Oceania","Calcium","mg",34855223.1858962,1300,26811.7101429971
"Africa","Oceania","Oceania","Zinc","mg",723555.139204544,11,65777.7399276858
"Africa","Oceania","Oceania","Iron","mg",1187530.4819952,18,65973.9156663998
"Africa","Oceania","Oceania","Vitamina","mcg",26769252.7068964,900,29743.6141187737
"Africa","Oceania","Oceania","Vitaminb12","mcg",6067160.78655877,2.4,2527983.66106616
"Africa","Oceania","PICs","Protein","g",581509393.394992,50,11630187.8678998
"Africa","Oceania","PICs","Fattyacids","g",53608179.1310444,1.4,38291556.5221746
"Africa","Oceania","PICs","Calcium","mg",2179867055.72807,1300,1676820.81209851
"Africa","Oceania","PICs","Zinc","mg",35857384.7286338,11,3259762.24805762
"Africa","Oceania","PICs","Iron","mg",60687126.3489872,18,3371507.01938818
"Africa","Oceania","PICs","Vitamina","mcg",1274764057.38958,900,1416404.50821065
"Africa","Oceania","PICs","Vitaminb12","mcg",441634316.699918,2.4,184014298.624966
"Americas","Africa","PICs","Protein","g",56896791.8539962,50,1137935.83707992
"Americas","Africa","PICs","Fattyacids","g",5062372.74452651,1.4,3615980.53180465
"Americas","Africa","PICs","Calcium","mg",203699977.836512,1300,156692.290643471
"Americas","Africa","PICs","Zinc","mg",3413228.58919534,11,310293.508108668
"Americas","Africa","PICs","Iron","mg",5862273.50641257,18,325681.861467365
"Americas","Africa","PICs","Vitamina","mcg",124752918.746592,900,138614.35416288
"Americas","Africa","PICs","Vitaminb12","mcg",42446231.1904666,2.4,17685929.6626944
"Americas","Americas","PICs","Protein","g",7098601536.13196,50,141972030.722639
"Americas","Americas","PICs","Fattyacids","g",590437260.795477,1.4,421740900.568198
"Americas","Americas","PICs","Calcium","mg",16840070497.0669,1300,12953900.3823591
"Americas","Americas","PICs","Zinc","mg",363992236.360481,11,33090203.3054983
"Americas","Americas","PICs","Iron","mg",525442083.01265,18,29191226.8340361
"Americas","Americas","PICs","Vitamina","mcg",12147541575.9696,900,13497268.417744
"Americas","Americas","PICs","Vitaminb12","mcg",3711844843.1302,2.4,1546602017.97092
"Americas","Asia","PICs","Protein","g",5108135754.71741,50,102162715.094348
"Americas","Asia","PICs","Fattyacids","g",292434431.01085,1.4,208881736.436322
"Americas","Asia","PICs","Calcium","mg",9300745106.64024,1300,7154419.31280018
"Americas","Asia","PICs","Zinc","mg",252782923.345096,11,22980265.7586451
"Americas","Asia","PICs","Iron","mg",376499752.805003,18,20916652.9336113
"Americas","Asia","PICs","Vitamina","mcg",6850452715.40684,900,7611614.12822982
"Americas","Asia","PICs","Vitaminb12","mcg",2319281589.87904,2.4,966367329.116265
"Americas","Europe","PICs","Protein","g",67943677.8854854,50,1358873.55770971
"Americas","Europe","PICs","Fattyacids","g",2555050.48312349,1.4,1825036.05937392
"Americas","Europe","PICs","Calcium","mg",68301637.382384,1300,52539.7210633723
"Americas","Europe","PICs","Zinc","mg",2700649.3287759,11,245513.575343264
"Americas","Europe","PICs","Iron","mg",5402147.18285786,18,300119.287936548
"Americas","Europe","PICs","Vitamina","mcg",62181507.7202724,900,69090.564133636
"Americas","Europe","PICs","Vitaminb12","mcg",27135008.7793394,2.4,11306253.6580581
"Americas","Oceania","Africa","Protein","g",42819452.7259608,50,856389.054519215
"Americas","Oceania","Africa","Fattyacids","g",1465094.2403567,1.4,1046495.88596907
"Americas","Oceania","Africa","Calcium","mg",71633770.1392971,1300,55102.9001071516
"Americas","Oceania","Africa","Zinc","mg",1487393.99256204,11,135217.635687459
"Americas","Oceania","Africa","Iron","mg",1891268.58620625,18,105070.477011459
"Americas","Oceania","Africa","Vitamina","mcg",46230615.4202761,900,51367.3504669735
"Americas","Oceania","Africa","Vitaminb12","mcg",12988841.5239716,2.4,5412017.30165483
"Americas","Oceania","Americas","Protein","g",438821204.445882,50,8776424.08891763
"Americas","Oceania","Americas","Fattyacids","g",24173701.0305922,1.4,17266929.3075659
"Americas","Oceania","Americas","Calcium","mg",683816691.838621,1300,526012.839875862
"Americas","Oceania","Americas","Zinc","mg",18689930.7396699,11,1699084.61269726
"Americas","Oceania","Americas","Iron","mg",34701773.501678,18,1927876.30564878
"Americas","Oceania","Americas","Vitamina","mcg",585149732.000448,900,650166.368889387
"Americas","Oceania","Americas","Vitaminb12","mcg",176823585.948747,2.4,73676494.1453114
"Americas","Oceania","Asia","Protein","g",1101188646.89919,50,22023772.9379839
"Americas","Oceania","Asia","Fattyacids","g",92102271.822259,1.4,65787337.0158993
"Americas","Oceania","Asia","Calcium","mg",3327614811.56637,1300,2559703.7012049
"Americas","Oceania","Asia","Zinc","mg",59656073.4084005,11,5423279.40076368
"Americas","Oceania","Asia","Iron","mg",101247803.439324,18,5624877.96885135
"Americas","Oceania","Asia","Vitamina","mcg",2154350141.76419,900,2393722.37973799
"Americas","Oceania","Asia","Vitaminb12","mcg",719178857.94411,2.4,299657857.476712
"Americas","Oceania","Europe","Protein","g",591702296.205699,50,11834045.924114
"Americas","Oceania","Europe","Fattyacids","g",22257201.039589,1.4,15898000.7425636
"Americas","Oceania","Europe","Calcium","mg",582982228.319072,1300,448447.867937748
"Americas","Oceania","Europe","Zinc","mg",23206399.0224479,11,2109672.63840435
"Americas","Oceania","Europe","Iron","mg",44336740.6476538,18,2463152.25820299
"Americas","Oceania","Europe","Vitamina","mcg",482141028.602307,900,535712.254002563
"Americas","Oceania","Europe","Vitaminb12","mcg",222602350.047672,2.4,92750979.1865302
"Americas","Oceania","Oceania","Protein","g",28270048.0303407,50,565400.960606814
"Americas","Oceania","Oceania","Fattyacids","g",2612117.96351495,1.4,1865798.54536782
"Americas","Oceania","Oceania","Calcium","mg",45771006.5982521,1300,35208.4666140401
"Americas","Oceania","Oceania","Zinc","mg",1349903.51719461,11,122718.501563146
"Americas","Oceania","Oceania","Iron","mg",2107429.23498186,18,117079.401943437
"Americas","Oceania","Oceania","Vitamina","mcg",43367490.9664758,900,48186.101073862
"Americas","Oceania","Oceania","Vitaminb12","mcg",14463596.0292349,2.4,6026498.34551454
"Americas","Oceania","PICs","Protein","g",691899646.579863,50,13837992.9315973
"Americas","Oceania","PICs","Fattyacids","g",64895021.3468514,1.4,46353586.6763224
"Americas","Oceania","PICs","Calcium","mg",2142777675.35883,1300,1648290.5195068
"Americas","Oceania","PICs","Zinc","mg",41085048.8966793,11,3735004.44515266
"Americas","Oceania","PICs","Iron","mg",67077756.3448425,18,3726542.01915792
"Americas","Oceania","PICs","Vitamina","mcg",1398268470.67396,900,1553631.63408218
"Americas","Oceania","PICs","Vitaminb12","mcg",496233597.95868,2.4,206763999.14945
"Asia","Africa","PICs","Protein","g",237688920.19886,50,4753778.4039772
"Asia","Africa","PICs","Fattyacids","g",14683336.5220405,1.4,10488097.5157432
"Asia","Africa","PICs","Calcium","mg",736785995.20226,1300,566758.457847893
"Asia","Africa","PICs","Zinc","mg",11546013.5219871,11,1049637.59290791
"Asia","Africa","PICs","Iron","mg",18097702.9588717,18,1005427.94215954
"Asia","Africa","PICs","Vitamina","mcg",317563246.994061,900,352848.052215623
"Asia","Africa","PICs","Vitaminb12","mcg",106727553.226501,2.4,44469813.8443756
"Asia","Americas","PICs","Protein","g",1036814588.28989,50,20736291.7657979
"Asia","Americas","PICs","Fattyacids","g",105949733.019783,1.4,75678380.7284161
"Asia","Americas","PICs","Calcium","mg",1910445095.53795,1300,1469573.15041381
"Asia","Americas","PICs","Zinc","mg",57223312.6063891,11,5202119.32785355
"Asia","Americas","PICs","Iron","mg",67927306.6486929,18,3773739.25826072
"Asia","Americas","PICs","Vitamina","mcg",1308883887.71394,900,1454315.43079326
"Asia","Americas","PICs","Vitaminb12","mcg",457134035.224152,2.4,190472514.67673
"Asia","Asia","PICs","Protein","g",133123757758.093,50,2662475155.16187
"Asia","Asia","PICs","Fattyacids","g",10578774809.3728,1.4,7556267720.98055
"Asia","Asia","PICs","Calcium","mg",324156080670.445,1300,249350831.284958
"Asia","Asia","PICs","Zinc","mg",6581030784.81959,11,598275525.89269
"Asia","Asia","PICs","Iron","mg",9915392543.31164,18,550855141.295091
"Asia","Asia","PICs","Vitamina","mcg",187123281480.696,900,207914757.200774
"Asia","Asia","PICs","Vitaminb12","mcg",63589330966.7914,2.4,26495554569.4964
"Asia","Europe","PICs","Protein","g",71250391.0351081,50,1425007.82070216
"Asia","Europe","PICs","Fattyacids","g",2041298.04396213,1.4,1458070.03140152
"Asia","Europe","PICs","Calcium","mg",48187234.905982,1300,37067.1037738323
"Asia","Europe","PICs","Zinc","mg",2731230.56220814,11,248293.687473468
"Asia","Europe","PICs","Iron","mg",5123959.18010124,18,284664.398894513
"Asia","Europe","PICs","Vitamina","mcg",67076373.0531648,900,74529.3033924053
"Asia","Europe","PICs","Vitaminb12","mcg",21032423.1138127,2.4,8763509.6307553
"Asia","Oceania","Africa","Protein","g",451741459.186458,50,9034829.18372916
"Asia","Oceania","Africa","Fattyacids","g",28469790.6596106,1.4,20335564.7568647
"Asia","Oceania","Africa","Calcium","mg",1363911222.44671,1300,1049162.47880516
"Asia","Oceania","Africa","Zinc","mg",22487637.5033911,11,2044330.68212647
"Asia","Oceania","Africa","Iron","mg",36682603.2681002,18,2037922.40378335
"Asia","Oceania","Africa","Vitamina","mcg",737532866.499046,900,819480.962776718
"Asia","Oceania","Africa","Vitaminb12","mcg",232137819.301444,2.4,96724091.3756017
"Asia","Oceania","Americas","Protein","g",15175924160.1665,50,303518483.203329
"Asia","Oceania","Americas","Fattyacids","g",539863399.343336,1.4,385616713.816669
"Asia","Oceania","Americas","Calcium","mg",21559665002.0608,1300,16584357.6938929
"Asia","Oceania","Americas","Zinc","mg",500325710.560293,11,45484155.5054811
"Asia","Oceania","Americas","Iron","mg",740762675.347274,18,41153481.9637375
"Asia","Oceania","Americas","Vitamina","mcg",15010128252.8907,900,16677920.2809896
"Asia","Oceania","Americas","Vitaminb12","mcg",2987512277.02592,2.4,1244796782.09413
"Asia","Oceania","Asia","Protein","g",18953407388.7717,50,379068147.775433
"Asia","Oceania","Asia","Fattyacids","g",1153461382.53841,1.4,823900987.527438
"Asia","Oceania","Asia","Calcium","mg",41006618792.0464,1300,31543552.9169588
"Asia","Oceania","Asia","Zinc","mg",798688869.488759,11,72608079.0444326
"Asia","Oceania","Asia","Iron","mg",1265236114.1825,18,70290895.232361
"Asia","Oceania","Asia","Vitamina","mcg",23351541870.9207,900,25946157.6343563
"Asia","Oceania","Asia","Vitaminb12","mcg",7482897381.6875,2.4,3117873909.03646
"Asia","Oceania","Europe","Protein","g",8961700856.48143,50,179234017.129629
"Asia","Oceania","Europe","Fattyacids","g",411910616.496663,1.4,294221868.926188
"Asia","Oceania","Europe","Calcium","mg",10246276471.1826,1300,7881751.13167891
"Asia","Oceania","Europe","Zinc","mg",365364803.922285,11,33214982.1747531
"Asia","Oceania","Europe","Iron","mg",678124825.976669,18,37673601.4431483
"Asia","Oceania","Europe","Vitamina","mcg",9323180864.12686,900,10359089.8490298
"Asia","Oceania","Europe","Vitaminb12","mcg",3242062919.80107,2.4,1350859549.91711
"Asia","Oceania","Oceania","Protein","g",507731391.895738,50,10154627.8379148
"Asia","Oceania","Oceania","Fattyacids","g",30103451.3535864,1.4,21502465.2525617
"Asia","Oceania","Oceania","Calcium","mg",548846374.380926,1300,422189.518754559
"Asia","Oceania","Oceania","Zinc","mg",19497272.3685506,11,1772479.30623187
"Asia","Oceania","Oceania","Iron","mg",27855663.971342,18,1547536.88729678
"Asia","Oceania","Oceania","Vitamina","mcg",565451100.455013,900,628279.00050557
"Asia","Oceania","Oceania","Vitaminb12","mcg",152921416.381863,2.4,63717256.8257763
"Asia","Oceania","PICs","Protein","g",2656119414.05643,50,53122388.2811285
"Asia","Oceania","PICs","Fattyacids","g",265598946.541065,1.4,189713533.243618
"Asia","Oceania","PICs","Calcium","mg",7512769863.39714,1300,5779053.74107472
"Asia","Oceania","PICs","Zinc","mg",137085125.842921,11,12462284.1675383
"Asia","Oceania","PICs","Iron","mg",181452562.364969,18,10080697.909165
"Asia","Oceania","PICs","Vitamina","mcg",3691507035.6918,900,4101674.484102
"Asia","Oceania","PICs","Vitaminb12","mcg",1371781255.43067,2.4,571575523.096113
"Europe","Africa","PICs","Protein","g",83625166.4674758,50,1672503.32934952
"Europe","Africa","PICs","Fattyacids","g",7195801.72365552,1.4,5139858.37403966
"Europe","Africa","PICs","Calcium","mg",210346588.235227,1300,161805.067873252
"Europe","Africa","PICs","Zinc","mg",4278833.29878288,11,388984.845343898
"Europe","Africa","PICs","Iron","mg",6229683.17027134,18,346093.509459519
"Europe","Africa","PICs","Vitamina","mcg",157107478.968195,900,174563.865520217
"Europe","Africa","PICs","Vitaminb12","mcg",44649472.7541992,2.4,18603946.9809163
"Europe","Americas","PICs","Protein","g",182745757.036115,50,3654915.1407223
"Europe","Americas","PICs","Fattyacids","g",18846487.3433659,1.4,13461776.6738328
"Europe","Americas","PICs","Calcium","mg",227593829.387717,1300,175072.17645209
"Europe","Americas","PICs","Zinc","mg",7001740.59733838,11,636521.872485308
"Europe","Americas","PICs","Iron","mg",10891159.2778391,18,605064.404324395
"Europe","Americas","PICs","Vitamina","mcg",431934695.395794,900,479927.43932866
"Europe","Americas","PICs","Vitaminb12","mcg",75193092.3652021,2.4,31330455.1521676
"Europe","Asia","PICs","Protein","g",11084999246.4624,50,221699984.929247
"Europe","Asia","PICs","Fattyacids","g",567217167.631661,1.4,405155119.736901
"Europe","Asia","PICs","Calcium","mg",12527645554.2921,1300,9636650.42637854
"Europe","Asia","PICs","Zinc","mg",341127929.20943,11,31011629.92813
"Europe","Asia","PICs","Iron","mg",392583093.275436,18,21810171.8486353
"Europe","Asia","PICs","Vitamina","mcg",11811233614.5178,900,13123592.9050198
"Europe","Asia","PICs","Vitaminb12","mcg",2960849810.69754,2.4,1233687421.12397
"Europe","Europe","PICs","Protein","g",748495755.434693,50,14969915.1086939
"Europe","Europe","PICs","Fattyacids","g",31249968.279932,1.4,22321405.9142372
"Europe","Europe","PICs","Calcium","mg",704991233.255435,1300,542300.948658027
"Europe","Europe","PICs","Zinc","mg",31617493.2553815,11,2874317.56867104
"Europe","Europe","PICs","Iron","mg",57917387.9799485,18,3217632.66555269
"Europe","Europe","PICs","Vitamina","mcg",862510906.357768,900,958345.451508632
"Europe","Europe","PICs","Vitaminb12","mcg",257437923.608346,2.4,107265801.503477
"Europe","Oceania","Africa","Protein","g",5422619.88175342,50,108452.397635068
"Europe","Oceania","Africa","Fattyacids","g",511580.34185878,1.4,365414.529899129
"Europe","Oceania","Africa","Calcium","mg",13456577.1396079,1300,10351.2131843138
"Europe","Oceania","Africa","Zinc","mg",292151.709953743,11,26559.2463594311
"Europe","Oceania","Africa","Iron","mg",459458.739053678,18,25525.4855029821
"Europe","Oceania","Africa","Vitamina","mcg",13253782.0294861,900,14726.4244772068
"Europe","Oceania","Africa","Vitaminb12","mcg",3156833.82723636,2.4,1315347.42801515
"Europe","Oceania","Americas","Protein","g",166842657.175623,50,3336853.14351245
"Europe","Oceania","Americas","Fattyacids","g",10625243.3681423,1.4,7589459.54867304
"Europe","Oceania","Americas","Calcium","mg",221957691.315113,1300,170736.68562701
"Europe","Oceania","Americas","Zinc","mg",7838113.03210877,11,712555.730191707
"Europe","Oceania","Americas","Iron","mg",11611828.9602835,18,645101.60890464
"Europe","Oceania","Americas","Vitamina","mcg",236868517.862875,900,263187.242069861
"Europe","Oceania","Americas","Vitaminb12","mcg",72678216.2506433,2.4,30282590.1044347
"Europe","Oceania","Asia","Protein","g",485996217.415683,50,9719924.34831365
"Europe","Oceania","Asia","Fattyacids","g",45129863.7365414,1.4,32235616.9546724
"Europe","Oceania","Asia","Calcium","mg",928311192.38568,1300,714085.532604369
"Europe","Oceania","Asia","Zinc","mg",24243596.1462713,11,2203963.28602467
"Europe","Oceania","Asia","Iron","mg",32901512.7415533,18,1827861.81897519
"Europe","Oceania","Asia","Vitamina","mcg",1055237928.37648,900,1172486.58708498
"Europe","Oceania","Asia","Vitaminb12","mcg",247822003.633164,2.4,103259168.180485
"Europe","Oceania","Europe","Protein","g",1044721510.59848,50,20894430.2119697
"Europe","Oceania","Europe","Fattyacids","g",20830843.3202101,1.4,14879173.8001501
"Europe","Oceania","Europe","Calcium","mg",903070942.588751,1300,694669.955837501
"Europe","Oceania","Europe","Zinc","mg",27467083.3539574,11,2497007.57763249
"Europe","Oceania","Europe","Iron","mg",26345389.0964116,18,1463632.72757842
"Europe","Oceania","Europe","Vitamina","mcg",460921314.577491,900,512134.79397499
"Europe","Oceania","Europe","Vitaminb12","mcg",181852607.109306,2.4,75771919.6288776
"Europe","Oceania","Oceania","Protein","g",8353770.93033651,50,167075.41860673
"Europe","Oceania","Oceania","Fattyacids","g",710256.83027406,1.4,507326.307338614
"Europe","Oceania","Oceania","Calcium","mg",7183792.42865753,1300,5525.99417589041
"Europe","Oceania","Oceania","Zinc","mg",283078.540765004,11,25734.4127968185
"Europe","Oceania","Oceania","Iron","mg",469985.533465763,18,26110.3074147646
"Europe","Oceania","Oceania","Vitamina","mcg",12229209.7290234,900,13588.010810026
"Europe","Oceania","Oceania","Vitaminb12","mcg",2893193.66267606,2.4,1205497.35944836
"Europe","Oceania","PICs","Protein","g",175940952.959844,50,3518819.05919687
"Europe","Oceania","PICs","Fattyacids","g",15784956.7437085,1.4,11274969.1026489
"Europe","Oceania","PICs","Calcium","mg",305497211.926264,1300,234997.855327895
"Europe","Oceania","PICs","Zinc","mg",6738390.86605245,11,612580.98782295
"Europe","Oceania","PICs","Iron","mg",9056026.07156405,18,503112.559531336
"Europe","Oceania","PICs","Vitamina","mcg",330647319.578917,900,367385.910643242
"Europe","Oceania","PICs","Vitaminb12","mcg",71227036.03337,2.4,29677931.6805708
"Oceania","Africa","PICs","Protein","g",42431695.9473353,50,848633.918946706
"Oceania","Africa","PICs","Fattyacids","g",996060.129931629,1.4,711471.521379735
"Oceania","Africa","PICs","Calcium","mg",50468682.7944068,1300,38822.0636880052
"Oceania","Africa","PICs","Zinc","mg",970932.487336318,11,88266.5897578471
"Oceania","Africa","PICs","Iron","mg",1682637.0128112,18,93479.8340450665
"Oceania","Africa","PICs","Vitamina","mcg",73223879.339481,900,81359.8659327567
"Oceania","Africa","PICs","Vitaminb12","mcg",5222051.61748156,2.4,2175854.84061732
"Oceania","Americas","PICs","Protein","g",8882436.35881703,50,177648.727176341
"Oceania","Americas","PICs","Fattyacids","g",343357.963577623,1.4,245255.688269731
"Oceania","Americas","PICs","Calcium","mg",8522607.79415795,1300,6555.85214935227
"Oceania","Americas","PICs","Zinc","mg",461398.000531794,11,41945.2727756177
"Oceania","Americas","PICs","Iron","mg",523558.162218277,18,29086.564567682
"Oceania","Americas","PICs","Vitamina","mcg",6615259.90379856,900,7350.2887819984
"Oceania","Americas","PICs","Vitaminb12","mcg",3214379.97619816,2.4,1339324.99008257
"Oceania","Asia","PICs","Protein","g",606620541.600307,50,12132410.8320061
"Oceania","Asia","PICs","Fattyacids","g",17448263.6906306,1.4,12463045.4933076
"Oceania","Asia","PICs","Calcium","mg",726139294.741315,1300,558568.68826255
"Oceania","Asia","PICs","Zinc","mg",17680565.2067072,11,1607324.10970066
"Oceania","Asia","PICs","Iron","mg",29678208.614646,18,1648789.36748033
"Oceania","Asia","PICs","Vitamina","mcg",940467193.814722,900,1044963.54868302
"Oceania","Asia","PICs","Vitaminb12","mcg",113415104.261167,2.4,47256293.4421527
"Oceania","Europe","PICs","Protein","g",1199646.00769189,50,23992.9201538379
"Oceania","Europe","PICs","Fattyacids","g",42752.7282009876,1.4,30537.6630007055
"Oceania","Europe","PICs","Calcium","mg",548856.936010262,1300,422.197643084817
"Oceania","Europe","PICs","Zinc","mg",48069.6516125149,11,4369.96832841045
"Oceania","Europe","PICs","Iron","mg",108140.869724446,18,6007.82609580257
"Oceania","Europe","PICs","Vitamina","mcg",746962.470669774,900,829.958300744194
"Oceania","Europe","PICs","Vitaminb12","mcg",465823.294567556,2.4,194093.039403148
"Oceania","Oceania","Africa","Protein","g",11946475.569046,50,238929.51138092
"Oceania","Oceania","Africa","Fattyacids","g",558653.250369275,1.4,399038.035978054
"Oceania","Oceania","Africa","Calcium","mg",72772296.1166075,1300,55978.6893204673
"Oceania","Oceania","Africa","Zinc","mg",480507.65670294,11,43682.5142457218
"Oceania","Oceania","Africa","Iron","mg",873855.702081596,18,48547.5390045331
"Oceania","Oceania","Africa","Vitamina","mcg",21953586.2284519,900,24392.8735871688
"Oceania","Oceania","Africa","Vitaminb12","mcg",4200774.4218664,2.4,1750322.67577767
"Oceania","Oceania","Americas","Protein","g",602614532.108877,50,12052290.6421775
"Oceania","Oceania","Americas","Fattyacids","g",17991144.0550342,1.4,12850817.1821673
"Oceania","Oceania","Americas","Calcium","mg",785130448.179798,1300,603946.498599845
"Oceania","Oceania","Americas","Zinc","mg",19473589.4386723,11,1770326.31260658
"Oceania","Oceania","Americas","Iron","mg",31913905.1072213,18,1772994.72817896
"Oceania","Oceania","Americas","Vitamina","mcg",703291052.790547,900,781434.503100608
"Oceania","Oceania","Americas","Vitaminb12","mcg",146260109.42209,2.4,60941712.2592041
"Oceania","Oceania","Asia","Protein","g",1300809143.59348,50,26016182.8718696
"Oceania","Oceania","Asia","Fattyacids","g",51889869.3459599,1.4,37064192.3899714
"Oceania","Oceania","Asia","Calcium","mg",2365030864.74163,1300,1819254.51133972
"Oceania","Oceania","Asia","Zinc","mg",53236465.2610008,11,4839678.66009098
"Oceania","Oceania","Asia","Iron","mg",80076683.400482,18,4448704.63336011
"Oceania","Oceania","Asia","Vitamina","mcg",1612927200.89192,900,1792141.33432436
"Oceania","Oceania","Asia","Vitaminb12","mcg",456841408.523251,2.4,190350586.884688
"Oceania","Oceania","Europe","Protein","g",403193279.893119,50,8063865.59786238
"Oceania","Oceania","Europe","Fattyacids","g",15338675.516484,1.4,10956196.7974886
"Oceania","Oceania","Europe","Calcium","mg",759991945.377752,1300,584609.188752117
"Oceania","Oceania","Europe","Zinc","mg",15040859.0600784,11,1367350.82364349
"Oceania","Oceania","Europe","Iron","mg",24997777.9162524,18,1388765.4397918
"Oceania","Oceania","Europe","Vitamina","mcg",443848489.158895,900,493164.987954328
"Oceania","Oceania","Europe","Vitaminb12","mcg",135687455.122216,2.4,56536439.6342566
"Oceania","Oceania","Oceania","Protein","g",38992245.7918568,50,779844.915837136
"Oceania","Oceania","Oceania","Fattyacids","g",2074116.01077484,1.4,1481511.43626774
"Oceania","Oceania","Oceania","Calcium","mg",59133269.4290896,1300,45487.1303300689
"Oceania","Oceania","Oceania","Zinc","mg",1959741.18479954,11,178158.289527231
"Oceania","Oceania","Oceania","Iron","mg",2998945.91118651,18,166608.106177029
"Oceania","Oceania","Oceania","Vitamina","mcg",42435263.5627152,900,47150.2928474614
"Oceania","Oceania","Oceania","Vitaminb12","mcg",20749089.7925335,2.4,8645454.08022228
"Oceania","Oceania","PICs","Protein","g",13597217012.9852,50,271944340.259705
"Oceania","Oceania","PICs","Fattyacids","g",451324497.751944,1.4,322374641.251389
"Oceania","Oceania","PICs","Calcium","mg",23343021025.1192,1300,17956170.0193224
"Oceania","Oceania","PICs","Zinc","mg",462187182.374155,11,42017016.5794687
"Oceania","Oceania","PICs","Iron","mg",707062233.701458,18,39281235.2056365
"Oceania","Oceania","PICs","Vitamina","mcg",19471793496.1138,900,21635326.1067931
"Oceania","Oceania","PICs","Vitaminb12","mcg",3229009035.78173,2.4,1345420431.57572
"PICs","Africa","Africa","Protein","g",515753582.847214,50,10315071.6569443
"PICs","Africa","Africa","Fattyacids","g",15394495.3524961,1.4,10996068.1089258
"PICs","Africa","Africa","Calcium","mg",313973424.387508,1300,241518.018759622
"PICs","Africa","Africa","Zinc","mg",18918107.8371417,11,1719827.9851947
"PICs","Africa","Africa","Iron","mg",38840659.5454968,18,2157814.41919427
"PICs","Africa","Africa","Vitamina","mcg",350476596.100323,900,389418.440111469
"PICs","Africa","Africa","Vitaminb12","mcg",165888757.450899,2.4,69120315.6045414
"PICs","Africa","Americas","Protein","g",143144796.915619,50,2862895.93831237
"PICs","Africa","Americas","Fattyacids","g",3695280.83897315,1.4,2639486.31355225
"PICs","Africa","Americas","Calcium","mg",89830663.1543311,1300,69100.5101187162
"PICs","Africa","Americas","Zinc","mg",4802485.78091195,11,436589.616446541
"PICs","Africa","Americas","Iron","mg",9213780.20201788,18,511876.677889882
"PICs","Africa","Americas","Vitamina","mcg",103771167.56823,900,115301.297298033
"PICs","Africa","Americas","Vitaminb12","mcg",36747971.0374383,2.4,15311654.5989326
"PICs","Africa","Asia","Protein","g",389511419.396775,50,7790228.38793549
"PICs","Africa","Asia","Fattyacids","g",11342654.9784014,1.4,8101896.41314385
"PICs","Africa","Asia","Calcium","mg",1549877753.90612,1300,1192213.65685087
"PICs","Africa","Asia","Zinc","mg",11712836.1628944,11,1064803.28753585
"PICs","Africa","Asia","Iron","mg",24839373.602478,18,1379965.20013767
"PICs","Africa","Asia","Vitamina","mcg",280137404.904406,900,311263.783227117
"PICs","Africa","Asia","Vitaminb12","mcg",87489889.413338,2.4,36454120.5888908
"PICs","Africa","Europe","Protein","g",2194239963.16711,50,43884799.2633421
"PICs","Africa","Europe","Fattyacids","g",53426664.4367637,1.4,38161903.169117
"PICs","Africa","Europe","Calcium","mg",2127609699.50186,1300,1636622.84577066
"PICs","Africa","Europe","Zinc","mg",72477158.812535,11,6588832.61932137
"PICs","Africa","Europe","Iron","mg",132515239.945351,18,7361957.7747417
"PICs","Africa","Europe","Vitamina","mcg",1612373394.63419,900,1791525.99403799
"PICs","Africa","Europe","Vitaminb12","mcg",519475773.591407,2.4,216448238.996419
"PICs","Africa","Oceania","Protein","g",18861119.1824128,50,377222.383648257
"PICs","Africa","Oceania","Fattyacids","g",605689.605492267,1.4,432635.432494476
"PICs","Africa","Oceania","Calcium","mg",20986903.3756603,1300,16143.771827431
"PICs","Africa","Oceania","Zinc","mg",690500.520149747,11,62772.7745590679
"PICs","Africa","Oceania","Iron","mg",1371399.9402043,18,76188.8855669055
"PICs","Africa","Oceania","Vitamina","mcg",13458089.3358967,900,14953.4325954407
"PICs","Africa","Oceania","Vitaminb12","mcg",5818378.94258273,2.4,2424324.55940947
"PICs","Africa","PICs","Protein","g",48861617.9013989,50,977232.358027978
"PICs","Africa","PICs","Fattyacids","g",1106105.81780389,1.4,790075.584145637
"PICs","Africa","PICs","Calcium","mg",59185211.4552136,1300,45527.0857347797
"PICs","Africa","PICs","Zinc","mg",1485671.74343471,11,135061.067584974
"PICs","Africa","PICs","Iron","mg",1661127.65752196,18,92284.8698623313
"PICs","Africa","PICs","Vitamina","mcg",41736379.7344932,900,46373.755260548
"PICs","Africa","PICs","Vitaminb12","mcg",6242363.74829837,2.4,2600984.89512432
"PICs","Americas","Africa","Protein","g",113657217.304719,50,2273144.34609438
"PICs","Americas","Africa","Fattyacids","g",3353155.93801547,1.4,2395111.38429677
"PICs","Americas","Africa","Calcium","mg",98470256.130634,1300,75746.3508697184
"PICs","Americas","Africa","Zinc","mg",3970346.71249902,11,360940.610227184
"PICs","Americas","Africa","Iron","mg",7366014.1334109,18,409223.007411717
"PICs","Americas","Africa","Vitamina","mcg",84154140.6683179,900,93504.6007425755
"PICs","Americas","Africa","Vitaminb12","mcg",29421567.8272683,2.4,12258986.5946951
"PICs","Americas","Americas","Protein","g",8155873593.99297,50,163117471.879859
"PICs","Americas","Americas","Fattyacids","g",218687363.016654,1.4,156205259.29761
"PICs","Americas","Americas","Calcium","mg",5573837267.99907,1300,4287567.12923005
"PICs","Americas","Americas","Zinc","mg",265932819.35724,11,24175710.8506582
"PICs","Americas","Americas","Iron","mg",501891983.532365,18,27882887.9740203
"PICs","Americas","Americas","Vitamina","mcg",5944235896.74335,900,6604706.55193705
"PICs","Americas","Americas","Vitaminb12","mcg",1888464773.71458,2.4,786860322.381076
"PICs","Americas","Asia","Protein","g",5176279119.86889,50,103525582.397378
"PICs","Americas","Asia","Fattyacids","g",125975310.509193,1.4,89982364.6494236
"PICs","Americas","Asia","Calcium","mg",5705899987.4096,1300,4389153.83646892
"PICs","Americas","Asia","Zinc","mg",157253832.586934,11,14295802.9624485
"PICs","Americas","Asia","Iron","mg",243334517.141221,18,13518584.2856234
"PICs","Americas","Asia","Vitamina","mcg",4073751592.30634,900,4526390.65811815
"PICs","Americas","Asia","Vitaminb12","mcg",783309305.751404,2.4,326378877.396418
"PICs","Americas","Europe","Protein","g",6076157146.41281,50,121523142.928256
"PICs","Americas","Europe","Fattyacids","g",160909528.739704,1.4,114935377.671217
"PICs","Americas","Europe","Calcium","mg",3971367782.2541,1300,3054898.29404162
"PICs","Americas","Europe","Zinc","mg",198326283.372415,11,18029662.124765
"PICs","Americas","Europe","Iron","mg",361367923.55533,18,20075995.7530739
"PICs","Americas","Europe","Vitamina","mcg",4543901285.7253,900,5048779.20636145
"PICs","Americas","Europe","Vitaminb12","mcg",1357226206.24126,2.4,565510919.26719
"PICs","Americas","Oceania","Protein","g",75238710.5491529,50,1504774.21098306
"PICs","Americas","Oceania","Fattyacids","g",1781338.96924992,1.4,1272384.97803566
"PICs","Americas","Oceania","Calcium","mg",86087783.6164727,1300,66221.3720126713
"PICs","Americas","Oceania","Zinc","mg",2464440.35814322,11,224040.032558474
"PICs","Americas","Oceania","Iron","mg",2865285.66714788,18,159182.537063771
"PICs","Americas","Oceania","Vitamina","mcg",62913870.7093701,900,69904.300788189
"PICs","Americas","Oceania","Vitaminb12","mcg",9562944.65399309,2.4,3984560.27249712
"PICs","Americas","PICs","Protein","g",48819554.5938972,50,976391.091877944
"PICs","Americas","PICs","Fattyacids","g",1263760.69229004,1.4,902686.208778599
"PICs","Americas","PICs","Calcium","mg",48632934.8063782,1300,37409.9498510602
"PICs","Americas","PICs","Zinc","mg",1415233.94745072,11,128657.631586429
"PICs","Americas","PICs","Iron","mg",1891840.59591181,18,105102.255328434
"PICs","Americas","PICs","Vitamina","mcg",42729231.4420104,900,47476.923824456
"PICs","Americas","PICs","Vitaminb12","mcg",5338331.85262811,2.4,2224304.93859504
"PICs","Asia","Africa","Protein","g",64538583745.6122,50,1290771674.91224
"PICs","Asia","Africa","Fattyacids","g",2073369087.68847,1.4,1480977919.77748
"PICs","Asia","Africa","Calcium","mg",30474797440.8632,1300,23442151.8775871
"PICs","Asia","Africa","Zinc","mg",2492902298.79921,11,226627481.709019
"PICs","Asia","Africa","Iron","mg",5384721236.93432,18,299151179.829684
"PICs","Asia","Africa","Vitamina","mcg",41702312760.3103,900,46335903.0670114
"PICs","Asia","Africa","Vitaminb12","mcg",23298301984.3368,2.4,9707625826.80699
"PICs","Asia","Americas","Protein","g",116374080330.41,50,2327481606.60821
"PICs","Asia","Americas","Fattyacids","g",3623553881.13334,1.4,2588252772.2381
"PICs","Asia","Americas","Calcium","mg",55654915166.6333,1300,42811473.2051026
"PICs","Asia","Americas","Zinc","mg",4423807961.66459,11,402164360.151326
"PICs","Asia","Americas","Iron","mg",9431639142.28215,18,523979952.349008
"PICs","Asia","Americas","Vitamina","mcg",75730214320.0035,900,84144682.5777817
"PICs","Asia","Americas","Vitaminb12","mcg",40569866636.5129,2.4,16904111098.547
"PICs","Asia","Asia","Protein","g",109072653155.329,50,2181453063.10657
"PICs","Asia","Asia","Fattyacids","g",3361695559.70553,1.4,2401211114.07538
"PICs","Asia","Asia","Calcium","mg",59003381772.0558,1300,45387216.7477353
"PICs","Asia","Asia","Zinc","mg",4130263598.50928,11,375478508.955389
"PICs","Asia","Asia","Iron","mg",8508516573.81197,18,472695365.211776
"PICs","Asia","Asia","Vitamina","mcg",71975681964.4113,900,79972979.960457
"PICs","Asia","Asia","Vitaminb12","mcg",36463047606.3241,2.4,15192936502.6351
"PICs","Asia","Europe","Protein","g",59468471795.5578,50,1189369435.91116
"PICs","Asia","Europe","Fattyacids","g",1706403966.9778,1.4,1218859976.41271
"PICs","Asia","Europe","Calcium","mg",27586887900.0846,1300,21220683.0000651
"PICs","Asia","Europe","Zinc","mg",2184807398.47257,11,198618854.406597
"PICs","Asia","Europe","Iron","mg",4543987154.96421,18,252443730.831345
"PICs","Asia","Europe","Vitamina","mcg",39658852744.6054,900,44065391.9384504
"PICs","Asia","Europe","Vitaminb12","mcg",19295291700.2506,2.4,8039704875.10442
"PICs","Asia","Oceania","Protein","g",27856987422.6454,50,557139748.452908
"PICs","Asia","Oceania","Fattyacids","g",886355218.981066,1.4,633110870.700762
"PICs","Asia","Oceania","Calcium","mg",13212743781.8878,1300,10163649.0629906
"PICs","Asia","Oceania","Zinc","mg",1074303095.82645,11,97663917.8024049
"PICs","Asia","Oceania","Iron","mg",2304050491.28801,18,128002805.071556
"PICs","Asia","Oceania","Vitamina","mcg",18010435070.3419,900,20011594.5226022
"PICs","Asia","Oceania","Vitaminb12","mcg",9948509198.56046,2.4,4145212166.06686
"PICs","Asia","PICs","Protein","g",4413410011.44865,50,88268200.2289731
"PICs","Asia","PICs","Fattyacids","g",135318863.414133,1.4,96656331.0100951
"PICs","Asia","PICs","Calcium","mg",2161448770.15581,1300,1662652.90011986
"PICs","Asia","PICs","Zinc","mg",164121186.119161,11,14920107.8290146
"PICs","Asia","PICs","Iron","mg",345685590.343548,18,19204755.019086
"PICs","Asia","PICs","Vitamina","mcg",2959862620.1415,900,3288736.24460167
"PICs","Asia","PICs","Vitaminb12","mcg",1463352348.37783,2.4,609730145.15743
"PICs","Domestic PICs","PICs","Protein","g",502648630943.925,50,10052972618.8785
"PICs","Domestic PICs","PICs","Fattyacids","g",12747284618.1478,1.4,9105203298.67697
"PICs","Domestic PICs","PICs","Calcium","mg",418954198783.465,1300,322272460.602666
"PICs","Domestic PICs","PICs","Zinc","mg",16470823206.7623,11,1497347564.25112
"PICs","Domestic PICs","PICs","Iron","mg",31928091916.0318,18,1773782884.22399
"PICs","Domestic PICs","PICs","Vitamina","mcg",336682467047.845,900,374091630.053161
"PICs","Domestic PICs","PICs","Vitaminb12","mcg",128328202668.851,2.4,53470084445.3547
"PICs","Europe","Africa","Protein","g",2071196041.10631,50,41423920.8221263
"PICs","Europe","Africa","Fattyacids","g",54014109.7287206,1.4,38581506.9490861
"PICs","Europe","Africa","Calcium","mg",1135981734.40388,1300,873832.103387598
"PICs","Europe","Africa","Zinc","mg",69757941.8105271,11,6341631.07368428
"PICs","Europe","Africa","Iron","mg",136732592.909318,18,7596255.16162877
"PICs","Europe","Africa","Vitamina","mcg",1487881775.01202,900,1653201.97223558
"PICs","Europe","Africa","Vitaminb12","mcg",543020569.49519,2.4,226258570.622996
"PICs","Europe","Americas","Protein","g",780359001.883526,50,15607180.0376705
"PICs","Europe","Americas","Fattyacids","g",22089978.8342197,1.4,15778556.3101569
"PICs","Europe","Americas","Calcium","mg",331182685.27894,1300,254755.911753031
"PICs","Europe","Americas","Zinc","mg",28426498.9769084,11,2584227.17971895
"PICs","Europe","Americas","Iron","mg",60165010.0293329,18,3342500.55718516
"PICs","Europe","Americas","Vitamina","mcg",516068932.567557,900,573409.925075064
"PICs","Europe","Americas","Vitaminb12","mcg",255198082.244438,2.4,106332534.268516
"PICs","Europe","Asia","Protein","g",1088283440.70792,50,21765668.8141583
"PICs","Europe","Asia","Fattyacids","g",27093071.6389118,1.4,19352194.0277942
"PICs","Europe","Asia","Calcium","mg",493506817.585907,1300,379620.628912236
"PICs","Europe","Asia","Zinc","mg",36931733.5231113,11,3357430.32028285
"PICs","Europe","Asia","Iron","mg",75944181.4130162,18,4219121.18961201
"PICs","Europe","Asia","Vitamina","mcg",744319971.536183,900,827022.190595759
"PICs","Europe","Asia","Vitaminb12","mcg",311656234.829817,2.4,129856764.512424
"PICs","Europe","Europe","Protein","g",34944004301.2195,50,698880086.02439
"PICs","Europe","Europe","Fattyacids","g",1080265904.14236,1.4,771618502.958827
"PICs","Europe","Europe","Calcium","mg",16060409279.4965,1300,12354160.9842281
"PICs","Europe","Europe","Zinc","mg",1330675157.13092,11,120970468.830084
"PICs","Europe","Europe","Iron","mg",2856453534.0457,18,158691863.002539
"PICs","Europe","Europe","Vitamina","mcg",22830007562.5102,900,25366675.0694557
"PICs","Europe","Europe","Vitaminb12","mcg",12286502378.8319,2.4,5119375991.17994
"PICs","Europe","Oceania","Protein","g",35523110.6011435,50,710462.212022871
"PICs","Europe","Oceania","Fattyacids","g",1009479.71217832,1.4,721056.937270227
"PICs","Europe","Oceania","Calcium","mg",15293609.7444657,1300,11764.3151880505
"PICs","Europe","Oceania","Zinc","mg",1289447.76334792,11,117222.52394072
"PICs","Europe","Oceania","Iron","mg",2716373.22660685,18,150909.62370038
"PICs","Europe","Oceania","Vitamina","mcg",23821074.7361682,900,26467.8608179646
"PICs","Europe","Oceania","Vitaminb12","mcg",11451539.0438586,2.4,4771474.60160775
"PICs","Europe","PICs","Protein","g",14903687.9489377,50,298073.758978753
"PICs","Europe","PICs","Fattyacids","g",466545.923073625,1.4,333247.087909732
"PICs","Europe","PICs","Calcium","mg",6394422.51834805,1300,4918.78655257543
"PICs","Europe","PICs","Zinc","mg",574326.871602326,11,52211.5337820296
"PICs","Europe","PICs","Iron","mg",1250593.40484924,18,69477.4113805135
"PICs","Europe","PICs","Vitamina","mcg",9560778.4727025,900,10623.0871918917
"PICs","Europe","PICs","Vitaminb12","mcg",5430609.41467501,2.4,2262753.92278125
"PICs","Oceania","Africa","Protein","g",1029814655.93517,50,20596293.1187034
"PICs","Oceania","Africa","Fattyacids","g",26170172.1934862,1.4,18692980.1382044
"PICs","Oceania","Africa","Calcium","mg",1350739970.10338,1300,1039030.74623337
"PICs","Oceania","Africa","Zinc","mg",32054090.1846962,11,2914008.19860874
"PICs","Oceania","Africa","Iron","mg",56075211.5939593,18,3115289.53299774
"PICs","Oceania","Africa","Vitamina","mcg",766192896.737157,900,851325.440819063
"PICs","Oceania","Africa","Vitaminb12","mcg",216911025.592777,2.4,90379593.9969906
"PICs","Oceania","Americas","Protein","g",59021845231.6779,50,1180436904.63356
"PICs","Oceania","Americas","Fattyacids","g",1563951655.60588,1.4,1117108325.43277
"PICs","Oceania","Americas","Calcium","mg",45166657811.3841,1300,34743582.931834
"PICs","Oceania","Americas","Zinc","mg",1880013162.1897,11,170910287.471791
"PICs","Oceania","Americas","Iron","mg",3679807381.2055,18,204433743.400305
"PICs","Oceania","Americas","Vitamina","mcg",42729537644.5697,900,47477264.0495219
"PICs","Oceania","Americas","Vitaminb12","mcg",13366643880.9329,2.4,5569434950.38871
"PICs","Oceania","Asia","Protein","g",208699190108.486,50,4173983802.16972
"PICs","Oceania","Asia","Fattyacids","g",5514775741.87163,1.4,3939125529.9083
"PICs","Oceania","Asia","Calcium","mg",143616688486.173,1300,110474375.758595
"PICs","Oceania","Asia","Zinc","mg",6770803488.20497,11,615527589.836815
"PICs","Oceania","Asia","Iron","mg",13131671535.2225,18,729537307.512361
"PICs","Oceania","Asia","Vitamina","mcg",140537342865.645,900,156152603.18405
"PICs","Oceania","Asia","Vitaminb12","mcg",52743199906.3976,2.4,21976333294.3323
"PICs","Oceania","Europe","Protein","g",84357320392.4763,50,1687146407.84953
"PICs","Oceania","Europe","Fattyacids","g",2483605165.63347,1.4,1774003689.73819
"PICs","Oceania","Europe","Calcium","mg",40539641709.1618,1300,31184339.7762783
"PICs","Oceania","Europe","Zinc","mg",3125814374.85367,11,284164943.168516
"PICs","Oceania","Europe","Iron","mg",6714770970.6992,18,373042831.705511
"PICs","Oceania","Europe","Vitamina","mcg",55538904455.1943,900,61709893.8391048
"PICs","Oceania","Europe","Vitaminb12","mcg",28513963303.2794,2.4,11880818043.0331
"PICs","Oceania","Oceania","Protein","g",3338298212.59618,50,66765964.2519237
"PICs","Oceania","Oceania","Fattyacids","g",82165416.1722287,1.4,58689582.9801634
"PICs","Oceania","Oceania","Calcium","mg",5080874151.94798,1300,3908364.73226768
"PICs","Oceania","Oceania","Zinc","mg",102005690.720973,11,9273244.61099751
"PICs","Oceania","Oceania","Iron","mg",148419351.481001,18,8245519.5267223
"PICs","Oceania","Oceania","Vitamina","mcg",2945066242.94316,900,3272295.8254924
"PICs","Oceania","Oceania","Vitaminb12","mcg",379538779.659061,2.4,158141158.191275
"PICs","Oceania","PICs","Protein","g",4853305145.4994,50,97066102.9099881
"PICs","Oceania","PICs","Fattyacids","g",106484640.809277,1.4,76060457.720912
"PICs","Oceania","PICs","Calcium","mg",2899565692.34783,1300,2230435.14795987
"PICs","Oceania","PICs","Zinc","mg",152867048.691515,11,13897004.4265013
"PICs","Oceania","PICs","Iron","mg",303742581.056981,18,16874587.836499
"PICs","Oceania","PICs","Vitamina","mcg",3450487922.91413,900,3833875.46990459
"PICs","Oceania","PICs","Vitaminb12","mcg",1159906618.70379,2.4,483294424.459912
