"SourceContinent","ExporterContinent","ConsumerContinent","Nutrient","Unit","Value"
"Africa","Africa","PICs","Protein","g",6377942797.3939
"Africa","Africa","PICs","Fattyacids","g",560257724.032343
"Africa","Africa","PICs","Calcium","mg",23770777146.5089
"Africa","Africa","PICs","Zinc","mg",390594928.507163
"Africa","Africa","PICs","Iron","mg",645925151.453918
"Africa","Africa","PICs","Vitamina","mcg",13929668442.2392
"Africa","Africa","PICs","Vitaminb12","mcg",4539023555.9434
"Africa","Americas","PICs","Protein","g",62971826.9760913
"Africa","Americas","PICs","Fattyacids","g",5447728.01890468
"Africa","Americas","PICs","Calcium","mg",203390950.870032
"Africa","Americas","PICs","Zinc","mg",3376291.77324024
"Africa","Americas","PICs","Iron","mg",5511527.42145757
"Africa","Americas","PICs","Vitamina","mcg",101077651.25901
"Africa","Americas","PICs","Vitaminb12","mcg",35841769.7158731
"Africa","Asia","PICs","Protein","g",1079465529.43729
"Africa","Asia","PICs","Fattyacids","g",80577779.4682872
"Africa","Asia","PICs","Calcium","mg",3413332623.3669
"Africa","Asia","PICs","Zinc","mg",60235152.0104963
"Africa","Asia","PICs","Iron","mg",89896350.1429364
"Africa","Asia","PICs","Vitamina","mcg",1502075616.1322
"Africa","Asia","PICs","Vitaminb12","mcg",561669125.137149
"Africa","Europe","PICs","Protein","g",30548504.9425547
"Africa","Europe","PICs","Fattyacids","g",955798.305676605
"Africa","Europe","PICs","Calcium","mg",24065406.0840675
"Africa","Europe","PICs","Zinc","mg",1141677.00184373
"Africa","Europe","PICs","Iron","mg",2225900.70062972
"Africa","Europe","PICs","Vitamina","mcg",24605004.7114052
"Africa","Europe","PICs","Vitaminb12","mcg",9847863.73434561
"Africa","Oceania","PICs","Protein","g",567632499.951748
"Africa","Oceania","PICs","Fattyacids","g",52956154.1012955
"Africa","Oceania","PICs","Calcium","mg",2151091063.08776
"Africa","Oceania","PICs","Zinc","mg",35273986.8369791
"Africa","Oceania","PICs","Iron","mg",59851911.4433113
"Africa","Oceania","PICs","Vitamina","mcg",1255866836.08252
"Africa","Oceania","PICs","Vitaminb12","mcg",436669539.147688
"Africa","PICs","Africa","Protein","g",27701841.4567742
"Africa","PICs","Africa","Fattyacids","g",2538415.98731255
"Africa","PICs","Africa","Calcium","mg",117712735.330385
"Africa","PICs","Africa","Zinc","mg",1832692.32814547
"Africa","PICs","Africa","Iron","mg",2831928.50046085
"Africa","PICs","Africa","Vitamina","mcg",55870515.6291606
"Africa","PICs","Africa","Vitaminb12","mcg",19626724.0607128
"Africa","PICs","Americas","Protein","g",455175109.841489
"Africa","PICs","Americas","Fattyacids","g",34907639.0359375
"Africa","PICs","Americas","Calcium","mg",1395332044.41007
"Africa","PICs","Americas","Zinc","mg",24464839.8102681
"Africa","PICs","Americas","Iron","mg",41895151.6786892
"Africa","PICs","Americas","Vitamina","mcg",901792062.183602
"Africa","PICs","Americas","Vitaminb12","mcg",282269526.588673
"Africa","PICs","Asia","Protein","g",2158242308.80877
"Africa","PICs","Asia","Fattyacids","g",183841918.581652
"Africa","PICs","Asia","Calcium","mg",7696980889.08054
"Africa","PICs","Asia","Zinc","mg",129189599.03372
"Africa","PICs","Asia","Iron","mg",215123082.577403
"Africa","PICs","Asia","Vitamina","mcg",4785613835.67684
"Africa","PICs","Asia","Vitaminb12","mcg",1521853506.50509
"Africa","PICs","Europe","Protein","g",172384244.868124
"Africa","PICs","Europe","Fattyacids","g",11741810.7626095
"Africa","PICs","Europe","Calcium","mg",437646619.309488
"Africa","PICs","Europe","Zinc","mg",9007645.20664416
"Africa","PICs","Europe","Iron","mg",16235362.0658487
"Africa","PICs","Europe","Vitamina","mcg",278970690.906082
"Africa","PICs","Europe","Vitaminb12","mcg",103307473.460235
"Africa","PICs","Oceania","Protein","g",17566850.1657752
"Africa","PICs","Oceania","Fattyacids","g",980131.725123205
"Africa","PICs","Oceania","Calcium","mg",34855223.1858962
"Africa","PICs","Oceania","Zinc","mg",723555.139204544
"Africa","PICs","Oceania","Iron","mg",1187530.4819952
"Africa","PICs","Oceania","Vitamina","mcg",26769252.7068964
"Africa","PICs","Oceania","Vitaminb12","mcg",6067160.78655877
"Africa","PICs","PICs","Protein","g",13876893.4432437
"Africa","PICs","PICs","Fattyacids","g",652025.02974884
"Africa","PICs","PICs","Calcium","mg",28775992.6403101
"Africa","PICs","PICs","Zinc","mg",583397.891654735
"Africa","PICs","PICs","Iron","mg",835214.905675945
"Africa","PICs","PICs","Vitamina","mcg",18897221.3070621
"Africa","PICs","PICs","Vitaminb12","mcg",4964777.55223045
"Americas","Africa","PICs","Protein","g",56896791.8539962
"Americas","Africa","PICs","Fattyacids","g",5062372.74452651
"Americas","Africa","PICs","Calcium","mg",203699977.836512
"Americas","Africa","PICs","Zinc","mg",3413228.58919534
"Americas","Africa","PICs","Iron","mg",5862273.50641257
"Americas","Africa","PICs","Vitamina","mcg",124752918.746592
"Americas","Africa","PICs","Vitaminb12","mcg",42446231.1904666
"Americas","Americas","PICs","Protein","g",7098601536.13196
"Americas","Americas","PICs","Fattyacids","g",590437260.795477
"Americas","Americas","PICs","Calcium","mg",16840070497.0669
"Americas","Americas","PICs","Zinc","mg",363992236.360481
"Americas","Americas","PICs","Iron","mg",525442083.01265
"Americas","Americas","PICs","Vitamina","mcg",12147541575.9696
"Americas","Americas","PICs","Vitaminb12","mcg",3711844843.1302
"Americas","Asia","PICs","Protein","g",5108135754.71741
"Americas","Asia","PICs","Fattyacids","g",292434431.01085
"Americas","Asia","PICs","Calcium","mg",9300745106.64024
"Americas","Asia","PICs","Zinc","mg",252782923.345096
"Americas","Asia","PICs","Iron","mg",376499752.805003
"Americas","Asia","PICs","Vitamina","mcg",6850452715.40684
"Americas","Asia","PICs","Vitaminb12","mcg",2319281589.87904
"Americas","Europe","PICs","Protein","g",67943677.8854854
"Americas","Europe","PICs","Fattyacids","g",2555050.48312349
"Americas","Europe","PICs","Calcium","mg",68301637.382384
"Americas","Europe","PICs","Zinc","mg",2700649.3287759
"Americas","Europe","PICs","Iron","mg",5402147.18285786
"Americas","Europe","PICs","Vitamina","mcg",62181507.7202724
"Americas","Europe","PICs","Vitaminb12","mcg",27135008.7793394
"Americas","Oceania","PICs","Protein","g",610691040.026007
"Americas","Oceania","PICs","Fattyacids","g",54086048.9749807
"Americas","Oceania","PICs","Calcium","mg",2080462856.40926
"Americas","Oceania","PICs","Zinc","mg",36853703.8617425
"Americas","Oceania","PICs","Iron","mg",61105016.8357422
"Americas","Oceania","PICs","Vitamina","mcg",1289789662.50427
"Americas","Oceania","PICs","Vitaminb12","mcg",448208657.494302
"Americas","PICs","Africa","Protein","g",42819452.7259608
"Americas","PICs","Africa","Fattyacids","g",1465094.2403567
"Americas","PICs","Africa","Calcium","mg",71633770.1392971
"Americas","PICs","Africa","Zinc","mg",1487393.99256204
"Americas","PICs","Africa","Iron","mg",1891268.58620625
"Americas","PICs","Africa","Vitamina","mcg",46230615.4202761
"Americas","PICs","Africa","Vitaminb12","mcg",12988841.5239716
"Americas","PICs","Americas","Protein","g",438821204.445882
"Americas","PICs","Americas","Fattyacids","g",24173701.0305922
"Americas","PICs","Americas","Calcium","mg",683816691.838621
"Americas","PICs","Americas","Zinc","mg",18689930.7396699
"Americas","PICs","Americas","Iron","mg",34701773.501678
"Americas","PICs","Americas","Vitamina","mcg",585149732.000448
"Americas","PICs","Americas","Vitaminb12","mcg",176823585.948747
"Americas","PICs","Asia","Protein","g",1101188646.89919
"Americas","PICs","Asia","Fattyacids","g",92102271.822259
"Americas","PICs","Asia","Calcium","mg",3327614811.56637
"Americas","PICs","Asia","Zinc","mg",59656073.4084005
"Americas","PICs","Asia","Iron","mg",101247803.439324
"Americas","PICs","Asia","Vitamina","mcg",2154350141.76419
"Americas","PICs","Asia","Vitaminb12","mcg",719178857.94411
"Americas","PICs","Europe","Protein","g",591702296.205699
"Americas","PICs","Europe","Fattyacids","g",22257201.039589
"Americas","PICs","Europe","Calcium","mg",582982228.319072
"Americas","PICs","Europe","Zinc","mg",23206399.0224479
"Americas","PICs","Europe","Iron","mg",44336740.6476538
"Americas","PICs","Europe","Vitamina","mcg",482141028.602307
"Americas","PICs","Europe","Vitaminb12","mcg",222602350.047672
"Americas","PICs","Oceania","Protein","g",28270048.0303407
"Americas","PICs","Oceania","Fattyacids","g",2612117.96351495
"Americas","PICs","Oceania","Calcium","mg",45771006.5982521
"Americas","PICs","Oceania","Zinc","mg",1349903.51719461
"Americas","PICs","Oceania","Iron","mg",2107429.23498186
"Americas","PICs","Oceania","Vitamina","mcg",43367490.9664758
"Americas","PICs","Oceania","Vitaminb12","mcg",14463596.0292349
"Americas","PICs","PICs","Protein","g",81208606.5538555
"Americas","PICs","PICs","Fattyacids","g",10808972.3718706
"Americas","PICs","PICs","Calcium","mg",62314818.9495728
"Americas","PICs","PICs","Zinc","mg",4231345.03493676
"Americas","PICs","PICs","Iron","mg",5972739.5091003
"Americas","PICs","PICs","Vitamina","mcg",108478808.169692
"Americas","PICs","PICs","Vitaminb12","mcg",48024940.4643777
"Asia","Africa","PICs","Protein","g",237688920.19886
"Asia","Africa","PICs","Fattyacids","g",14683336.5220405
"Asia","Africa","PICs","Calcium","mg",736785995.20226
"Asia","Africa","PICs","Zinc","mg",11546013.5219871
"Asia","Africa","PICs","Iron","mg",18097702.9588717
"Asia","Africa","PICs","Vitamina","mcg",317563246.994061
"Asia","Africa","PICs","Vitaminb12","mcg",106727553.226501
"Asia","Americas","PICs","Protein","g",1036814588.28989
"Asia","Americas","PICs","Fattyacids","g",105949733.019783
"Asia","Americas","PICs","Calcium","mg",1910445095.53795
"Asia","Americas","PICs","Zinc","mg",57223312.6063891
"Asia","Americas","PICs","Iron","mg",67927306.6486929
"Asia","Americas","PICs","Vitamina","mcg",1308883887.71394
"Asia","Americas","PICs","Vitaminb12","mcg",457134035.224152
"Asia","Asia","PICs","Protein","g",133123757758.093
"Asia","Asia","PICs","Fattyacids","g",10578774809.3728
"Asia","Asia","PICs","Calcium","mg",324156080670.445
"Asia","Asia","PICs","Zinc","mg",6581030784.81959
"Asia","Asia","PICs","Iron","mg",9915392543.31164
"Asia","Asia","PICs","Vitamina","mcg",187123281480.696
"Asia","Asia","PICs","Vitaminb12","mcg",63589330966.7914
"Asia","Europe","PICs","Protein","g",71250391.0351081
"Asia","Europe","PICs","Fattyacids","g",2041298.04396213
"Asia","Europe","PICs","Calcium","mg",48187234.905982
"Asia","Europe","PICs","Zinc","mg",2731230.56220814
"Asia","Europe","PICs","Iron","mg",5123959.18010124
"Asia","Europe","PICs","Vitamina","mcg",67076373.0531648
"Asia","Europe","PICs","Vitaminb12","mcg",21032423.1138127
"Asia","Oceania","PICs","Protein","g",1515475069.81406
"Asia","Oceania","PICs","Fattyacids","g",120470147.344891
"Asia","Oceania","PICs","Calcium","mg",6470055977.22124
"Asia","Oceania","PICs","Zinc","mg",78414007.6424986
"Asia","Oceania","PICs","Iron","mg",103374313.242818
"Asia","Oceania","PICs","Vitamina","mcg",2140214305.14989
"Asia","Oceania","PICs","Vitaminb12","mcg",755639638.376299
"Asia","PICs","Africa","Protein","g",451741459.186458
"Asia","PICs","Africa","Fattyacids","g",28469790.6596106
"Asia","PICs","Africa","Calcium","mg",1363911222.44671
"Asia","PICs","Africa","Zinc","mg",22487637.5033911
"Asia","PICs","Africa","Iron","mg",36682603.2681002
"Asia","PICs","Africa","Vitamina","mcg",737532866.499046
"Asia","PICs","Africa","Vitaminb12","mcg",232137819.301444
"Asia","PICs","Americas","Protein","g",15175924160.1665
"Asia","PICs","Americas","Fattyacids","g",539863399.343336
"Asia","PICs","Americas","Calcium","mg",21559665002.0608
"Asia","PICs","Americas","Zinc","mg",500325710.560293
"Asia","PICs","Americas","Iron","mg",740762675.347274
"Asia","PICs","Americas","Vitamina","mcg",15010128252.8907
"Asia","PICs","Americas","Vitaminb12","mcg",2987512277.02592
"Asia","PICs","Asia","Protein","g",18953407388.7717
"Asia","PICs","Asia","Fattyacids","g",1153461382.53841
"Asia","PICs","Asia","Calcium","mg",41006618792.0464
"Asia","PICs","Asia","Zinc","mg",798688869.488759
"Asia","PICs","Asia","Iron","mg",1265236114.1825
"Asia","PICs","Asia","Vitamina","mcg",23351541870.9207
"Asia","PICs","Asia","Vitaminb12","mcg",7482897381.6875
"Asia","PICs","Europe","Protein","g",8961700856.48143
"Asia","PICs","Europe","Fattyacids","g",411910616.496663
"Asia","PICs","Europe","Calcium","mg",10246276471.1826
"Asia","PICs","Europe","Zinc","mg",365364803.922285
"Asia","PICs","Europe","Iron","mg",678124825.976669
"Asia","PICs","Europe","Vitamina","mcg",9323180864.12686
"Asia","PICs","Europe","Vitaminb12","mcg",3242062919.80107
"Asia","PICs","Oceania","Protein","g",507731391.895738
"Asia","PICs","Oceania","Fattyacids","g",30103451.3535864
"Asia","PICs","Oceania","Calcium","mg",548846374.380926
"Asia","PICs","Oceania","Zinc","mg",19497272.3685506
"Asia","PICs","Oceania","Iron","mg",27855663.971342
"Asia","PICs","Oceania","Vitamina","mcg",565451100.455013
"Asia","PICs","Oceania","Vitaminb12","mcg",152921416.381863
"Asia","PICs","PICs","Protein","g",1140644344.24236
"Asia","PICs","PICs","Fattyacids","g",145128799.196175
"Asia","PICs","PICs","Calcium","mg",1042713886.1759
"Asia","PICs","PICs","Zinc","mg",58671118.2004224
"Asia","PICs","PICs","Iron","mg",78078249.1221518
"Asia","PICs","PICs","Vitamina","mcg",1551292730.54192
"Asia","PICs","PICs","Vitaminb12","mcg",616141617.054373
"Asia","PICs",NA,"Protein","g",696217.265208825
"Asia","PICs",NA,"Fattyacids","g",12234.0556156607
"Asia","PICs",NA,"Calcium","mg",643784.236391374
"Asia","PICs",NA,"Zinc","mg",18736.3189340505
"Asia","PICs",NA,"Iron","mg",24992.5156729317
"Asia","PICs",NA,"Vitamina","mcg",521449.251851107
"Asia","PICs",NA,"Vitaminb12","mcg",86260.7311699479
"Europe","Africa","PICs","Protein","g",83625166.4674758
"Europe","Africa","PICs","Fattyacids","g",7195801.72365552
"Europe","Africa","PICs","Calcium","mg",210346588.235227
"Europe","Africa","PICs","Zinc","mg",4278833.29878288
"Europe","Africa","PICs","Iron","mg",6229683.17027134
"Europe","Africa","PICs","Vitamina","mcg",157107478.968195
"Europe","Africa","PICs","Vitaminb12","mcg",44649472.7541992
"Europe","Americas","PICs","Protein","g",182745757.036115
"Europe","Americas","PICs","Fattyacids","g",18846487.3433659
"Europe","Americas","PICs","Calcium","mg",227593829.387717
"Europe","Americas","PICs","Zinc","mg",7001740.59733838
"Europe","Americas","PICs","Iron","mg",10891159.2778391
"Europe","Americas","PICs","Vitamina","mcg",431934695.395794
"Europe","Americas","PICs","Vitaminb12","mcg",75193092.3652021
"Europe","Asia","PICs","Protein","g",11084999246.4624
"Europe","Asia","PICs","Fattyacids","g",567217167.631661
"Europe","Asia","PICs","Calcium","mg",12527645554.2921
"Europe","Asia","PICs","Zinc","mg",341127929.20943
"Europe","Asia","PICs","Iron","mg",392583093.275436
"Europe","Asia","PICs","Vitamina","mcg",11811233614.5178
"Europe","Asia","PICs","Vitaminb12","mcg",2960849810.69754
"Europe","Europe","PICs","Protein","g",748495755.434693
"Europe","Europe","PICs","Fattyacids","g",31249968.279932
"Europe","Europe","PICs","Calcium","mg",704991233.255435
"Europe","Europe","PICs","Zinc","mg",31617493.2553815
"Europe","Europe","PICs","Iron","mg",57917387.9799485
"Europe","Europe","PICs","Vitamina","mcg",862510906.357768
"Europe","Europe","PICs","Vitaminb12","mcg",257437923.608346
"Europe","Oceania","PICs","Protein","g",109331912.203627
"Europe","Oceania","PICs","Fattyacids","g",9011209.19184996
"Europe","Oceania","PICs","Calcium","mg",254988629.332325
"Europe","Oceania","PICs","Zinc","mg",4595460.2842931
"Europe","Oceania","PICs","Iron","mg",5864741.0129319
"Europe","Oceania","PICs","Vitamina","mcg",220552899.206351
"Europe","Oceania","PICs","Vitaminb12","mcg",46636089.4693053
"Europe","PICs","Africa","Protein","g",5422619.88175342
"Europe","PICs","Africa","Fattyacids","g",511580.34185878
"Europe","PICs","Africa","Calcium","mg",13456577.1396079
"Europe","PICs","Africa","Zinc","mg",292151.709953743
"Europe","PICs","Africa","Iron","mg",459458.739053678
"Europe","PICs","Africa","Vitamina","mcg",13253782.0294861
"Europe","PICs","Africa","Vitaminb12","mcg",3156833.82723636
"Europe","PICs","Americas","Protein","g",166842657.175623
"Europe","PICs","Americas","Fattyacids","g",10625243.3681423
"Europe","PICs","Americas","Calcium","mg",221957691.315113
"Europe","PICs","Americas","Zinc","mg",7838113.03210877
"Europe","PICs","Americas","Iron","mg",11611828.9602835
"Europe","PICs","Americas","Vitamina","mcg",236868517.862875
"Europe","PICs","Americas","Vitaminb12","mcg",72678216.2506433
"Europe","PICs","Asia","Protein","g",485996217.415683
"Europe","PICs","Asia","Fattyacids","g",45129863.7365414
"Europe","PICs","Asia","Calcium","mg",928311192.38568
"Europe","PICs","Asia","Zinc","mg",24243596.1462713
"Europe","PICs","Asia","Iron","mg",32901512.7415533
"Europe","PICs","Asia","Vitamina","mcg",1055237928.37648
"Europe","PICs","Asia","Vitaminb12","mcg",247822003.633164
"Europe","PICs","Europe","Protein","g",1044721510.59848
"Europe","PICs","Europe","Fattyacids","g",20830843.3202101
"Europe","PICs","Europe","Calcium","mg",903070942.588751
"Europe","PICs","Europe","Zinc","mg",27467083.3539574
"Europe","PICs","Europe","Iron","mg",26345389.0964116
"Europe","PICs","Europe","Vitamina","mcg",460921314.577491
"Europe","PICs","Europe","Vitaminb12","mcg",181852607.109306
"Europe","PICs","Oceania","Protein","g",8353770.93033651
"Europe","PICs","Oceania","Fattyacids","g",710256.83027406
"Europe","PICs","Oceania","Calcium","mg",7183792.42865753
"Europe","PICs","Oceania","Zinc","mg",283078.540765004
"Europe","PICs","Oceania","Iron","mg",469985.533465763
"Europe","PICs","Oceania","Vitamina","mcg",12229209.7290234
"Europe","PICs","Oceania","Vitaminb12","mcg",2893193.66267606
"Europe","PICs","PICs","Protein","g",66609040.7562164
"Europe","PICs","PICs","Fattyacids","g",6773747.5518585
"Europe","PICs","PICs","Calcium","mg",50508582.5939388
"Europe","PICs","PICs","Zinc","mg",2142930.58175935
"Europe","PICs","PICs","Iron","mg",3191285.05863215
"Europe","PICs","PICs","Vitamina","mcg",110094420.372566
"Europe","PICs","PICs","Vitaminb12","mcg",24590946.5640647
"Oceania","Africa","PICs","Protein","g",42431695.9473353
"Oceania","Africa","PICs","Fattyacids","g",996060.129931629
"Oceania","Africa","PICs","Calcium","mg",50468682.7944068
"Oceania","Africa","PICs","Zinc","mg",970932.487336318
"Oceania","Africa","PICs","Iron","mg",1682637.0128112
"Oceania","Africa","PICs","Vitamina","mcg",73223879.339481
"Oceania","Africa","PICs","Vitaminb12","mcg",5222051.61748156
"Oceania","Americas","PICs","Protein","g",8882436.35881703
"Oceania","Americas","PICs","Fattyacids","g",343357.963577623
"Oceania","Americas","PICs","Calcium","mg",8522607.79415795
"Oceania","Americas","PICs","Zinc","mg",461398.000531794
"Oceania","Americas","PICs","Iron","mg",523558.162218277
"Oceania","Americas","PICs","Vitamina","mcg",6615259.90379856
"Oceania","Americas","PICs","Vitaminb12","mcg",3214379.97619816
"Oceania","Asia","PICs","Protein","g",606620541.600307
"Oceania","Asia","PICs","Fattyacids","g",17448263.6906306
"Oceania","Asia","PICs","Calcium","mg",726139294.741315
"Oceania","Asia","PICs","Zinc","mg",17680565.2067072
"Oceania","Asia","PICs","Iron","mg",29678208.614646
"Oceania","Asia","PICs","Vitamina","mcg",940467193.814722
"Oceania","Asia","PICs","Vitaminb12","mcg",113415104.261167
"Oceania","Europe","PICs","Protein","g",1199646.00769189
"Oceania","Europe","PICs","Fattyacids","g",42752.7282009876
"Oceania","Europe","PICs","Calcium","mg",548856.936010262
"Oceania","Europe","PICs","Zinc","mg",48069.6516125149
"Oceania","Europe","PICs","Iron","mg",108140.869724446
"Oceania","Europe","PICs","Vitamina","mcg",746962.470669774
"Oceania","Europe","PICs","Vitaminb12","mcg",465823.294567556
"Oceania","Oceania","PICs","Protein","g",13455343628.093
"Oceania","Oceania","PICs","Fattyacids","g",443626747.939573
"Oceania","Oceania","PICs","Calcium","mg",23252134679.4332
"Oceania","Oceania","PICs","Zinc","mg",454158124.137717
"Oceania","Oceania","PICs","Iron","mg",695353257.685331
"Oceania","Oceania","PICs","Vitamina","mcg",19408896291.7458
"Oceania","Oceania","PICs","Vitaminb12","mcg",3137827335.89777
"Oceania","PICs","Africa","Protein","g",11946475.569046
"Oceania","PICs","Africa","Fattyacids","g",558653.250369275
"Oceania","PICs","Africa","Calcium","mg",72772296.1166075
"Oceania","PICs","Africa","Zinc","mg",480507.65670294
"Oceania","PICs","Africa","Iron","mg",873855.702081596
"Oceania","PICs","Africa","Vitamina","mcg",21953586.2284519
"Oceania","PICs","Africa","Vitaminb12","mcg",4200774.4218664
"Oceania","PICs","Americas","Protein","g",602614532.108877
"Oceania","PICs","Americas","Fattyacids","g",17991144.0550342
"Oceania","PICs","Americas","Calcium","mg",785130448.179798
"Oceania","PICs","Americas","Zinc","mg",19473589.4386723
"Oceania","PICs","Americas","Iron","mg",31913905.1072213
"Oceania","PICs","Americas","Vitamina","mcg",703291052.790547
"Oceania","PICs","Americas","Vitaminb12","mcg",146260109.42209
"Oceania","PICs","Asia","Protein","g",1300809143.59348
"Oceania","PICs","Asia","Fattyacids","g",51889869.3459599
"Oceania","PICs","Asia","Calcium","mg",2365030864.74163
"Oceania","PICs","Asia","Zinc","mg",53236465.2610008
"Oceania","PICs","Asia","Iron","mg",80076683.400482
"Oceania","PICs","Asia","Vitamina","mcg",1612927200.89192
"Oceania","PICs","Asia","Vitaminb12","mcg",456841408.523251
"Oceania","PICs","Europe","Protein","g",403193279.893119
"Oceania","PICs","Europe","Fattyacids","g",15338675.516484
"Oceania","PICs","Europe","Calcium","mg",759991945.377752
"Oceania","PICs","Europe","Zinc","mg",15040859.0600784
"Oceania","PICs","Europe","Iron","mg",24997777.9162524
"Oceania","PICs","Europe","Vitamina","mcg",443848489.158895
"Oceania","PICs","Europe","Vitaminb12","mcg",135687455.122216
"Oceania","PICs","Oceania","Protein","g",38992245.7918568
"Oceania","PICs","Oceania","Fattyacids","g",2074116.01077484
"Oceania","PICs","Oceania","Calcium","mg",59133269.4290896
"Oceania","PICs","Oceania","Zinc","mg",1959741.18479954
"Oceania","PICs","Oceania","Iron","mg",2998945.91118651
"Oceania","PICs","Oceania","Vitamina","mcg",42435263.5627152
"Oceania","PICs","Oceania","Vitaminb12","mcg",20749089.7925335
"Oceania","PICs","PICs","Protein","g",141873384.892236
"Oceania","PICs","PICs","Fattyacids","g",7697749.81237102
"Oceania","PICs","PICs","Calcium","mg",90886345.6860195
"Oceania","PICs","PICs","Zinc","mg",8029058.23643873
"Oceania","PICs","PICs","Iron","mg",11708976.0161267
"Oceania","PICs","PICs","Vitamina","mcg",62897204.3679546
"Oceania","PICs","PICs","Vitaminb12","mcg",91181699.88396
"PICs","Africa","Africa","Protein","g",515753582.847214
"PICs","Africa","Africa","Fattyacids","g",15394495.3524961
"PICs","Africa","Africa","Calcium","mg",313973424.387508
"PICs","Africa","Africa","Zinc","mg",18918107.8371417
"PICs","Africa","Africa","Iron","mg",38840659.5454968
"PICs","Africa","Africa","Vitamina","mcg",350476596.100323
"PICs","Africa","Africa","Vitaminb12","mcg",165888757.450899
"PICs","Africa","Americas","Protein","g",143144796.915619
"PICs","Africa","Americas","Fattyacids","g",3695280.83897315
"PICs","Africa","Americas","Calcium","mg",89830663.1543311
"PICs","Africa","Americas","Zinc","mg",4802485.78091195
"PICs","Africa","Americas","Iron","mg",9213780.20201788
"PICs","Africa","Americas","Vitamina","mcg",103771167.56823
"PICs","Africa","Americas","Vitaminb12","mcg",36747971.0374383
"PICs","Africa","Asia","Protein","g",389511419.396775
"PICs","Africa","Asia","Fattyacids","g",11342654.9784014
"PICs","Africa","Asia","Calcium","mg",1549877753.90612
"PICs","Africa","Asia","Zinc","mg",11712836.1628944
"PICs","Africa","Asia","Iron","mg",24839373.602478
"PICs","Africa","Asia","Vitamina","mcg",280137404.904406
"PICs","Africa","Asia","Vitaminb12","mcg",87489889.413338
"PICs","Africa","Europe","Protein","g",2194239963.16711
"PICs","Africa","Europe","Fattyacids","g",53426664.4367637
"PICs","Africa","Europe","Calcium","mg",2127609699.50186
"PICs","Africa","Europe","Zinc","mg",72477158.812535
"PICs","Africa","Europe","Iron","mg",132515239.945351
"PICs","Africa","Europe","Vitamina","mcg",1612373394.63419
"PICs","Africa","Europe","Vitaminb12","mcg",519475773.591407
"PICs","Africa","Oceania","Protein","g",18861119.1824128
"PICs","Africa","Oceania","Fattyacids","g",605689.605492267
"PICs","Africa","Oceania","Calcium","mg",20986903.3756603
"PICs","Africa","Oceania","Zinc","mg",690500.520149747
"PICs","Africa","Oceania","Iron","mg",1371399.9402043
"PICs","Africa","Oceania","Vitamina","mcg",13458089.3358967
"PICs","Africa","Oceania","Vitaminb12","mcg",5818378.94258273
"PICs","Africa","PICs","Protein","g",48861617.9013989
"PICs","Africa","PICs","Fattyacids","g",1106105.81780389
"PICs","Africa","PICs","Calcium","mg",59185211.4552136
"PICs","Africa","PICs","Zinc","mg",1485671.74343471
"PICs","Africa","PICs","Iron","mg",1661127.65752196
"PICs","Africa","PICs","Vitamina","mcg",41736379.7344932
"PICs","Africa","PICs","Vitaminb12","mcg",6242363.74829837
"PICs","Americas","Africa","Protein","g",113657217.304719
"PICs","Americas","Africa","Fattyacids","g",3353155.93801547
"PICs","Americas","Africa","Calcium","mg",98470256.130634
"PICs","Americas","Africa","Zinc","mg",3970346.71249902
"PICs","Americas","Africa","Iron","mg",7366014.1334109
"PICs","Americas","Africa","Vitamina","mcg",84154140.6683179
"PICs","Americas","Africa","Vitaminb12","mcg",29421567.8272683
"PICs","Americas","Americas","Protein","g",8155873593.99297
"PICs","Americas","Americas","Fattyacids","g",218687363.016654
"PICs","Americas","Americas","Calcium","mg",5573837267.99907
"PICs","Americas","Americas","Zinc","mg",265932819.35724
"PICs","Americas","Americas","Iron","mg",501891983.532365
"PICs","Americas","Americas","Vitamina","mcg",5944235896.74335
"PICs","Americas","Americas","Vitaminb12","mcg",1888464773.71458
"PICs","Americas","Asia","Protein","g",5176279119.86889
"PICs","Americas","Asia","Fattyacids","g",125975310.509193
"PICs","Americas","Asia","Calcium","mg",5705899987.4096
"PICs","Americas","Asia","Zinc","mg",157253832.586934
"PICs","Americas","Asia","Iron","mg",243334517.141221
"PICs","Americas","Asia","Vitamina","mcg",4073751592.30634
"PICs","Americas","Asia","Vitaminb12","mcg",783309305.751404
"PICs","Americas","Europe","Protein","g",6076157146.41281
"PICs","Americas","Europe","Fattyacids","g",160909528.739704
"PICs","Americas","Europe","Calcium","mg",3971367782.2541
"PICs","Americas","Europe","Zinc","mg",198326283.372415
"PICs","Americas","Europe","Iron","mg",361367923.55533
"PICs","Americas","Europe","Vitamina","mcg",4543901285.7253
"PICs","Americas","Europe","Vitaminb12","mcg",1357226206.24126
"PICs","Americas","Oceania","Protein","g",75238710.5491529
"PICs","Americas","Oceania","Fattyacids","g",1781338.96924992
"PICs","Americas","Oceania","Calcium","mg",86087783.6164727
"PICs","Americas","Oceania","Zinc","mg",2464440.35814322
"PICs","Americas","Oceania","Iron","mg",2865285.66714788
"PICs","Americas","Oceania","Vitamina","mcg",62913870.7093701
"PICs","Americas","Oceania","Vitaminb12","mcg",9562944.65399309
"PICs","Americas","PICs","Protein","g",48819554.5938972
"PICs","Americas","PICs","Fattyacids","g",1263760.69229004
"PICs","Americas","PICs","Calcium","mg",48632934.8063782
"PICs","Americas","PICs","Zinc","mg",1415233.94745072
"PICs","Americas","PICs","Iron","mg",1891840.59591181
"PICs","Americas","PICs","Vitamina","mcg",42729231.4420104
"PICs","Americas","PICs","Vitaminb12","mcg",5338331.85262811
"PICs","Asia","Africa","Protein","g",64538583745.6122
"PICs","Asia","Africa","Fattyacids","g",2073369087.68847
"PICs","Asia","Africa","Calcium","mg",30474797440.8632
"PICs","Asia","Africa","Zinc","mg",2492902298.79921
"PICs","Asia","Africa","Iron","mg",5384721236.93432
"PICs","Asia","Africa","Vitamina","mcg",41702312760.3103
"PICs","Asia","Africa","Vitaminb12","mcg",23298301984.3368
"PICs","Asia","Americas","Protein","g",116374080330.41
"PICs","Asia","Americas","Fattyacids","g",3623553881.13334
"PICs","Asia","Americas","Calcium","mg",55654915166.6333
"PICs","Asia","Americas","Zinc","mg",4423807961.66459
"PICs","Asia","Americas","Iron","mg",9431639142.28215
"PICs","Asia","Americas","Vitamina","mcg",75730214320.0035
"PICs","Asia","Americas","Vitaminb12","mcg",40569866636.5129
"PICs","Asia","Asia","Protein","g",109072653155.329
"PICs","Asia","Asia","Fattyacids","g",3361695559.70553
"PICs","Asia","Asia","Calcium","mg",59003381772.0558
"PICs","Asia","Asia","Zinc","mg",4130263598.50928
"PICs","Asia","Asia","Iron","mg",8508516573.81197
"PICs","Asia","Asia","Vitamina","mcg",71975681964.4113
"PICs","Asia","Asia","Vitaminb12","mcg",36463047606.3241
"PICs","Asia","Europe","Protein","g",59468471795.5578
"PICs","Asia","Europe","Fattyacids","g",1706403966.9778
"PICs","Asia","Europe","Calcium","mg",27586887900.0846
"PICs","Asia","Europe","Zinc","mg",2184807398.47257
"PICs","Asia","Europe","Iron","mg",4543987154.96421
"PICs","Asia","Europe","Vitamina","mcg",39658852744.6054
"PICs","Asia","Europe","Vitaminb12","mcg",19295291700.2506
"PICs","Asia","Oceania","Protein","g",27856987422.6454
"PICs","Asia","Oceania","Fattyacids","g",886355218.981066
"PICs","Asia","Oceania","Calcium","mg",13212743781.8878
"PICs","Asia","Oceania","Zinc","mg",1074303095.82645
"PICs","Asia","Oceania","Iron","mg",2304050491.28801
"PICs","Asia","Oceania","Vitamina","mcg",18010435070.3419
"PICs","Asia","Oceania","Vitaminb12","mcg",9948509198.56046
"PICs","Asia","PICs","Protein","g",4413410011.44865
"PICs","Asia","PICs","Fattyacids","g",135318863.414133
"PICs","Asia","PICs","Calcium","mg",2161448770.15581
"PICs","Asia","PICs","Zinc","mg",164121186.119161
"PICs","Asia","PICs","Iron","mg",345685590.343548
"PICs","Asia","PICs","Vitamina","mcg",2959862620.1415
"PICs","Asia","PICs","Vitaminb12","mcg",1463352348.37783
"PICs","Asia",NA,"Protein","g",515528.440942142
"PICs","Asia",NA,"Fattyacids","g",19560.0605115531
"PICs","Asia",NA,"Calcium","mg",244916.606993253
"PICs","Asia",NA,"Zinc","mg",18555.2170705309
"PICs","Asia",NA,"Iron","mg",39631.9866717238
"PICs","Asia",NA,"Vitamina","mcg",412008.345590111
"PICs","Asia",NA,"Vitaminb12","mcg",138245.418557326
"PICs","Europe","Africa","Protein","g",2071196041.10631
"PICs","Europe","Africa","Fattyacids","g",54014109.7287206
"PICs","Europe","Africa","Calcium","mg",1135981734.40388
"PICs","Europe","Africa","Zinc","mg",69757941.8105271
"PICs","Europe","Africa","Iron","mg",136732592.909318
"PICs","Europe","Africa","Vitamina","mcg",1487881775.01202
"PICs","Europe","Africa","Vitaminb12","mcg",543020569.49519
"PICs","Europe","Americas","Protein","g",780359001.883526
"PICs","Europe","Americas","Fattyacids","g",22089978.8342197
"PICs","Europe","Americas","Calcium","mg",331182685.27894
"PICs","Europe","Americas","Zinc","mg",28426498.9769084
"PICs","Europe","Americas","Iron","mg",60165010.0293329
"PICs","Europe","Americas","Vitamina","mcg",516068932.567557
"PICs","Europe","Americas","Vitaminb12","mcg",255198082.244438
"PICs","Europe","Asia","Protein","g",1088283440.70792
"PICs","Europe","Asia","Fattyacids","g",27093071.6389118
"PICs","Europe","Asia","Calcium","mg",493506817.585907
"PICs","Europe","Asia","Zinc","mg",36931733.5231113
"PICs","Europe","Asia","Iron","mg",75944181.4130162
"PICs","Europe","Asia","Vitamina","mcg",744319971.536183
"PICs","Europe","Asia","Vitaminb12","mcg",311656234.829817
"PICs","Europe","Europe","Protein","g",34944004301.2195
"PICs","Europe","Europe","Fattyacids","g",1080265904.14236
"PICs","Europe","Europe","Calcium","mg",16060409279.4965
"PICs","Europe","Europe","Zinc","mg",1330675157.13092
"PICs","Europe","Europe","Iron","mg",2856453534.0457
"PICs","Europe","Europe","Vitamina","mcg",22830007562.5102
"PICs","Europe","Europe","Vitaminb12","mcg",12286502378.8319
"PICs","Europe","Oceania","Protein","g",35523110.6011435
"PICs","Europe","Oceania","Fattyacids","g",1009479.71217832
"PICs","Europe","Oceania","Calcium","mg",15293609.7444657
"PICs","Europe","Oceania","Zinc","mg",1289447.76334792
"PICs","Europe","Oceania","Iron","mg",2716373.22660685
"PICs","Europe","Oceania","Vitamina","mcg",23821074.7361682
"PICs","Europe","Oceania","Vitaminb12","mcg",11451539.0438586
"PICs","Europe","PICs","Protein","g",14903687.9489377
"PICs","Europe","PICs","Fattyacids","g",466545.923073625
"PICs","Europe","PICs","Calcium","mg",6394422.51834805
"PICs","Europe","PICs","Zinc","mg",574326.871602326
"PICs","Europe","PICs","Iron","mg",1250593.40484924
"PICs","Europe","PICs","Vitamina","mcg",9560778.4727025
"PICs","Europe","PICs","Vitaminb12","mcg",5430609.41467501
"PICs","Europe",NA,"Protein","g",45290295.4293749
"PICs","Europe",NA,"Fattyacids","g",1507350.27983069
"PICs","Europe",NA,"Calcium","mg",20893770.2668092
"PICs","Europe",NA,"Zinc","mg",1801888.06796043
"PICs","Europe",NA,"Iron","mg",3934846.46031259
"PICs","Europe",NA,"Vitamina","mcg",28900720.2509913
"PICs","Europe",NA,"Vitaminb12","mcg",17247529.9358083
"PICs","Oceania","Africa","Protein","g",87958674.9908526
"PICs","Oceania","Africa","Fattyacids","g",2420009.62275834
"PICs","Oceania","Africa","Calcium","mg",104981194.066777
"PICs","Oceania","Africa","Zinc","mg",2541813.7384118
"PICs","Oceania","Africa","Iron","mg",3567742.85502044
"PICs","Oceania","Africa","Vitamina","mcg",80690493.1305532
"PICs","Oceania","Africa","Vitaminb12","mcg",8896275.58478276
"PICs","Oceania","Americas","Protein","g",178117223.773358
"PICs","Oceania","Americas","Fattyacids","g",4161036.32055019
"PICs","Oceania","Americas","Calcium","mg",174575360.434863
"PICs","Oceania","Americas","Zinc","mg",6627280.77137476
"PICs","Oceania","Americas","Iron","mg",6429823.42283316
"PICs","Oceania","Americas","Vitamina","mcg",142788206.55156
"PICs","Oceania","Americas","Vitaminb12","mcg",14090518.3445054
"PICs","Oceania","Asia","Protein","g",791521002.658364
"PICs","Oceania","Asia","Fattyacids","g",18328883.0701683
"PICs","Oceania","Asia","Calcium","mg",986715801.435558
"PICs","Oceania","Asia","Zinc","mg",29388383.0253103
"PICs","Oceania","Asia","Iron","mg",28362332.5804878
"PICs","Oceania","Asia","Vitamina","mcg",636264687.910124
"PICs","Oceania","Asia","Vitaminb12","mcg",72871802.3447921
"PICs","Oceania","Europe","Protein","g",1049614696.63675
"PICs","Oceania","Europe","Fattyacids","g",30217492.9946409
"PICs","Oceania","Europe","Calcium","mg",957274640.333952
"PICs","Oceania","Europe","Zinc","mg",29619277.0924833
"PICs","Oceania","Europe","Iron","mg",43265689.1895634
"PICs","Oceania","Europe","Vitamina","mcg",991120376.634144
"PICs","Oceania","Europe","Vitaminb12","mcg",86354837.0503256
"PICs","Oceania","Oceania","Protein","g",1060668691.11632
"PICs","Oceania","Oceania","Fattyacids","g",28075025.888539
"PICs","Oceania","Oceania","Calcium","mg",1322657150.56626
"PICs","Oceania","Oceania","Zinc","mg",31439786.5499368
"PICs","Oceania","Oceania","Iron","mg",49504971.212495
"PICs","Oceania","Oceania","Vitamina","mcg",941058290.998658
"PICs","Oceania","Oceania","Vitaminb12","mcg",138777328.712089
"PICs","Oceania","PICs","Protein","g",67838293.433364
"PICs","Oceania","PICs","Fattyacids","g",1922420.37453354
"PICs","Oceania","PICs","Calcium","mg",56320293.117461
"PICs","Oceania","PICs","Zinc","mg",1924777.61127889
"PICs","Oceania","PICs","Iron","mg",2877870.73706513
"PICs","Oceania","PICs","Vitamina","mcg",62787076.4672258
"PICs","Oceania","PICs","Vitaminb12","mcg",6515883.66772812
"PICs","PICs","Africa","Protein","g",941855980.944316
"PICs","PICs","Africa","Fattyacids","g",23750162.5707278
"PICs","PICs","Africa","Calcium","mg",1245758776.0366
"PICs","PICs","Africa","Zinc","mg",29512276.4462844
"PICs","PICs","Africa","Iron","mg",52507468.7389388
"PICs","PICs","Africa","Vitamina","mcg",685502403.606603
"PICs","PICs","Africa","Vitaminb12","mcg",208014750.007995
"PICs","PICs","Americas","Protein","g",58843728007.9045
"PICs","PICs","Americas","Fattyacids","g",1559790619.28533
"PICs","PICs","Americas","Calcium","mg",44992082450.9493
"PICs","PICs","Americas","Zinc","mg",1873385881.41832
"PICs","PICs","Americas","Iron","mg",3673377557.78266
"PICs","PICs","Americas","Vitamina","mcg",42586749438.0181
"PICs","PICs","Americas","Vitaminb12","mcg",13352553362.5884
"PICs","PICs","Asia","Protein","g",207907669105.828
"PICs","PICs","Asia","Fattyacids","g",5496446858.80146
"PICs","PICs","Asia","Calcium","mg",142629972684.738
"PICs","PICs","Asia","Zinc","mg",6741415105.17966
"PICs","PICs","Asia","Iron","mg",13103309202.642
"PICs","PICs","Asia","Vitamina","mcg",139901078177.735
"PICs","PICs","Asia","Vitaminb12","mcg",52670328104.0528
"PICs","PICs","Europe","Protein","g",83307705695.8395
"PICs","PICs","Europe","Fattyacids","g",2453387672.63883
"PICs","PICs","Europe","Calcium","mg",39582367068.8279
"PICs","PICs","Europe","Zinc","mg",3096195097.76119
"PICs","PICs","Europe","Iron","mg",6671505281.50963
"PICs","PICs","Europe","Vitamina","mcg",54547784078.5602
"PICs","PICs","Europe","Vitaminb12","mcg",28427608466.2291
"PICs","PICs","Oceania","Protein","g",2277629521.47987
"PICs","PICs","Oceania","Fattyacids","g",54090390.2836897
"PICs","PICs","Oceania","Calcium","mg",3758217001.38172
"PICs","PICs","Oceania","Zinc","mg",70565904.1710358
"PICs","PICs","Oceania","Iron","mg",98914380.2685065
"PICs","PICs","Oceania","Vitamina","mcg",2004007951.94451
"PICs","PICs","Oceania","Vitaminb12","mcg",240761450.946971
"PICs","PICs","PICs","Protein","g",4785466852.06604
"PICs","PICs","PICs","Fattyacids","g",104562220.434743
"PICs","PICs","PICs","Calcium","mg",2843245399.23037
"PICs","PICs","PICs","Zinc","mg",150942271.080236
"PICs","PICs","PICs","Iron","mg",300864710.319916
"PICs","PICs","PICs","Vitamina","mcg",3387700846.44691
"PICs","PICs","PICs","Vitaminb12","mcg",1153390735.03606
"PICs","PICs",NA,"Protein","g",253326.563419379
"PICs","PICs",NA,"Fattyacids","g",5631.74913838243
"PICs","PICs",NA,"Calcium","mg",313253.277346544
"PICs","PICs",NA,"Zinc","mg",7627.03631800281
"PICs","PICs",NA,"Iron","mg",8171.82462643158
"PICs","PICs",NA,"Vitamina","mcg",217915.323371509
"PICs","PICs",NA,"Vitaminb12","mcg",30371.948194904
"PICs",NA,"Africa","Protein","g",314601.172353239
"PICs",NA,"Africa","Fattyacids","g",9534.10881825593
"PICs",NA,"Africa","Calcium","mg",132245.144757626
"PICs",NA,"Africa","Zinc","mg",11974.2048708437
"PICs",NA,"Africa","Iron","mg",25829.6052661701
"PICs",NA,"Africa","Vitamina","mcg",204765.336860041
"PICs",NA,"Africa","Vitaminb12","mcg",111878.061050886
"PICs",NA,"PICs","Protein","g",502648630943.925
"PICs",NA,"PICs","Fattyacids","g",12747284618.1478
"PICs",NA,"PICs","Calcium","mg",418954198783.465
"PICs",NA,"PICs","Zinc","mg",16470823206.7623
"PICs",NA,"PICs","Iron","mg",31928091916.0318
"PICs",NA,"PICs","Vitamina","mcg",336682467047.845
"PICs",NA,"PICs","Vitaminb12","mcg",128328202668.851
